,year_birth,education,marital_status,income,mntwines,mntfruits,mntmeatproducts,mntsweetproducts,mntgoldprods,numwebpurchases,numstorepurchases,country,children_home
0,1970,2,2,84835,189,104,490,189,218,4,6,6,0
1,1961,2,4,57091,464,5,71,0,37,7,7,1,0
2,1958,2,3,67267,134,11,74,2,30,3,5,7,1
3,1967,2,5,32474,10,0,1,0,0,1,2,0,2
4,1989,2,4,21474,6,16,35,0,34,3,2,6,1
5,1958,4,4,71691,336,130,651,32,43,4,5,6,0
6,1954,0,3,63564,769,80,267,34,65,10,7,2,0
7,1967,2,5,44931,78,0,11,0,7,2,3,6,1
8,1954,4,3,65324,384,0,123,32,5,6,9,7,1
9,1954,4,3,65324,384,0,123,32,5,6,9,3,1
10,1947,0,3,81044,450,26,608,98,26,5,10,7,0
11,1979,3,5,62499,140,4,61,13,4,3,6,6,1
12,1959,4,6,67786,431,82,521,20,102,3,6,3,0
13,1981,2,3,26872,3,10,11,16,32,1,2,1,0
14,1969,2,3,4428,16,4,14,4,321,25,0,6,1
15,1977,2,3,54809,63,6,70,13,22,2,5,6,2
17,1958,4,2,32173,18,0,2,0,2,1,3,6,1
18,1960,0,4,47823,53,1,7,1,10,2,3,1,1
19,1958,3,4,30523,5,0,3,0,5,1,2,1,3
20,1954,3,5,36634,213,9,80,3,30,5,5,5,1
21,1966,3,4,43456,275,11,93,7,7,5,8,3,1
22,1979,3,3,40662,40,2,23,4,23,2,3,2,1
23,1976,4,3,49544,308,0,73,0,23,5,8,6,1
24,1969,2,4,57731,266,21,365,8,44,8,6,3,1
25,1965,3,4,33168,80,1,37,1,3,2,4,6,1
26,1956,2,5,54450,454,0,179,19,32,9,8,6,2
28,1956,4,6,35340,27,0,12,1,5,2,3,6,2
29,1975,2,4,73170,184,174,306,30,32,5,6,1,0
30,1971,4,2,65808,155,7,93,7,10,5,5,6,2
31,1986,2,3,79529,423,42,779,197,197,4,9,1,0
32,1972,4,5,34578,7,0,1,0,0,1,2,0,3
33,1974,4,3,46374,408,0,21,0,17,7,7,3,1
34,1990,2,3,18351,1,12,9,14,7,2,3,6,0
35,1987,4,4,95169,1285,21,555,20,20,4,4,6,0
36,1984,0,3,65370,71,22,250,89,29,2,13,6,0
37,1960,3,2,39228,7,1,6,3,3,0,3,5,0
38,1961,4,4,84865,1248,16,392,16,16,2,9,6,0
39,1968,2,3,61314,378,0,286,172,172,5,12,6,1
40,1972,2,4,21359,12,2,23,1,10,2,3,1,1
41,1955,4,3,66465,1200,0,242,29,14,11,12,6,1
42,1983,0,4,81698,709,45,145,160,45,8,5,6,0
43,1986,2,4,39146,94,1,46,12,12,4,4,6,1
44,1970,0,2,25959,4,2,19,5,26,1,2,6,2
45,1961,2,5,64260,539,169,836,0,30,4,4,6,0
46,1973,2,3,32300,13,3,12,5,6,1,3,6,1
47,1965,3,3,74806,670,9,249,28,9,5,5,0,1
48,1970,2,2,72967,158,35,179,0,125,7,8,2,1
49,1960,2,4,48904,283,10,38,13,27,7,4,7,1
50,1984,0,3,14796,13,3,15,4,16,1,3,2,1
51,1954,3,3,66991,496,36,649,60,12,4,6,2,0
52,1978,0,4,52195,12,0,4,0,1,1,2,5,3
53,1956,2,3,90369,292,51,1205,23,17,4,6,6,0
54,1974,1,3,18393,7,10,29,0,4,3,3,6,1
55,1952,2,4,47139,46,0,12,2,23,2,2,6,2
56,1973,3,3,38576,34,0,7,0,0,1,3,3,1
57,1975,4,5,61905,167,0,49,2,13,4,4,5,1
58,1962,2,3,83715,318,8,557,35,8,2,13,5,0
59,1964,2,3,60597,522,0,289,16,66,2,8,6,1
60,1982,3,4,6560,67,11,30,3,262,1,1,6,0
61,1961,3,5,48330,28,0,4,0,0,1,3,6,1
62,1968,4,4,38236,58,0,20,0,10,3,4,6,2
63,1977,3,3,22701,2,4,9,4,5,1,3,6,1
64,1974,3,2,53367,229,7,150,3,11,5,8,0,2
65,1986,2,5,34728,14,0,16,0,6,1,2,6,1
66,1956,3,3,63915,622,7,145,0,15,6,12,0,2
67,1960,0,3,82504,362,50,565,35,54,3,7,3,0
68,1972,4,4,38578,38,4,25,3,3,3,3,6,2
70,1975,4,3,79174,1074,37,711,92,129,5,7,1,0
71,1962,0,2,81975,983,76,364,138,27,6,4,5,1
72,1977,3,3,43263,262,6,61,10,102,5,6,6,1
73,1970,2,4,27242,3,17,46,1,39,2,3,3,1
74,1971,2,3,76445,739,107,449,80,35,2,13,5,1
75,1965,2,5,75276,610,105,262,42,21,9,9,6,0
76,1963,2,6,34213,50,4,34,3,26,3,2,5,2
77,1976,4,5,72335,1285,105,681,21,0,10,8,6,0
78,1964,3,3,79143,650,37,807,167,32,6,13,0,0
79,1947,2,3,27469,9,1,5,2,0,0,3,1,0
80,1969,2,5,68695,458,81,462,50,40,4,7,6,0
81,1969,2,5,68695,458,81,462,50,40,4,7,1,0
82,1957,2,4,50388,292,6,37,3,34,6,6,2,1
83,1970,4,5,77622,520,7,173,0,14,6,11,5,2
84,1962,2,2,46102,14,0,1,0,1,1,2,6,3
85,1980,0,4,31859,3,4,22,8,11,1,3,6,1
86,1987,0,4,23830,1,8,10,8,16,1,3,6,0
87,1973,2,3,24639,20,3,16,4,1,2,4,0,2
88,1945,4,5,71604,345,53,626,75,97,8,5,6,0
89,1984,2,3,27255,22,1,11,1,2,1,3,6,1
90,1977,2,5,55375,42,11,67,28,14,1,6,1,1
91,1960,4,3,77037,463,96,501,53,10,7,12,6,1
92,1970,2,4,24163,4,1,9,1,2,1,3,6,2
93,1969,4,5,69476,260,86,622,9,67,4,4,7,0
94,1979,2,3,72063,180,32,424,32,90,5,12,2,1
95,1962,3,3,58646,62,1,50,5,22,2,4,6,1
96,1962,3,3,58646,62,1,50,5,22,2,4,2,1
97,1949,3,6,47570,67,1,20,2,31,2,2,7,2
98,1980,2,3,80011,421,76,618,178,102,8,5,0,1
99,1956,4,4,54998,154,22,241,30,8,4,9,6,1
100,1948,4,4,60200,502,19,132,6,26,6,11,6,1
101,1982,2,3,63211,145,193,664,26,145,3,7,6,0
102,1973,4,4,48432,322,3,54,3,42,7,6,5,1
103,1973,4,7,48432,322,3,54,3,42,7,6,1,1
104,1973,4,7,48432,322,3,54,3,42,7,6,3,1
105,1949,3,3,62845,1099,0,45,0,34,3,10,6,2
107,1965,4,5,65220,890,63,292,25,12,8,7,2,0
108,1990,4,3,74214,863,83,633,99,33,8,5,6,0
109,1980,0,3,96547,448,21,177,101,62,7,8,6,0
110,1955,2,5,53863,399,4,36,4,30,7,7,6,1
111,1970,2,3,50447,85,7,26,3,27,3,3,3,2
112,1953,2,3,37716,97,1,47,2,41,4,3,0,1
113,1982,2,5,45203,35,3,77,8,24,3,3,5,2
114,1975,3,3,37368,3,2,13,2,10,1,2,6,1
115,1955,2,3,67225,315,35,368,7,143,7,11,7,1
116,1976,3,5,65104,738,0,245,20,50,3,7,1,1
117,1976,3,5,65104,738,0,245,20,50,3,7,6,1
118,1949,3,3,81698,179,28,631,123,47,3,13,6,0
119,1968,2,4,70566,381,28,299,28,21,6,9,6,1
120,1958,2,5,69096,247,49,166,82,109,5,10,2,1
121,1962,2,3,71434,711,36,389,96,168,7,7,6,1
122,1978,2,3,33039,30,8,20,8,12,2,4,6,1
123,1978,2,3,33039,30,8,20,8,12,2,4,1,1
124,1958,2,5,46610,288,10,34,10,125,6,6,6,0
125,1958,2,4,49967,212,6,73,12,3,6,5,1,1
126,1976,2,3,53359,173,4,33,6,41,5,4,7,2
127,1971,3,3,49505,604,0,119,0,28,10,8,6,2
128,1946,3,3,68657,482,34,590,68,22,3,9,0,0
129,1954,2,2,72071,531,69,450,138,150,5,8,6,1
130,1954,2,2,72071,531,69,450,138,150,5,8,1,1
131,1967,3,4,59235,448,40,549,0,91,11,12,3,1
132,1957,2,5,21994,9,0,9,1,3,0,3,0,1
133,1957,2,5,21994,9,0,9,1,3,0,3,6,1
134,1957,4,3,0,230,42,241,37,53,7,8,2,3
135,1972,2,3,69209,496,32,1078,48,128,5,6,1,0
136,1989,2,5,31928,33,4,28,2,5,3,4,3,1
137,1987,4,4,74004,784,48,602,176,48,4,4,3,0
138,1987,0,3,30390,10,12,37,1,20,2,3,3,0
139,1985,2,3,21355,5,13,14,5,31,2,2,7,1
140,1969,2,3,26304,4,1,7,0,4,1,2,2,1
141,1989,0,3,85710,600,20,379,30,33,6,10,3,0
142,1974,2,2,102692,168,148,476,172,148,6,13,5,0
143,1971,2,4,58350,493,26,322,80,80,8,12,6,1
144,1978,2,4,7500,6,5,17,4,25,2,3,6,2
145,1984,3,4,18890,6,4,8,2,15,0,2,5,0
146,1986,1,3,20425,4,12,8,16,17,2,3,1,1
147,1986,1,3,20425,4,12,8,16,17,2,3,2,1
148,1957,4,2,41437,29,0,2,0,1,1,3,6,2
149,1949,3,5,49912,520,8,255,49,42,10,7,4,1
150,1949,3,5,49912,520,8,255,49,42,10,7,0,1
151,1959,2,3,79823,835,73,494,73,43,6,7,0,1
152,1954,2,2,85683,1296,17,356,69,51,2,10,6,0
153,1965,4,2,47025,16,0,3,0,1,1,2,6,2
154,1976,4,3,68397,760,80,483,13,80,6,5,5,1
155,1984,4,3,38175,70,6,71,3,3,3,4,6,1
156,1972,3,4,46423,68,0,16,0,8,2,4,6,2
158,1976,3,5,30560,9,1,9,5,7,1,3,5,1
159,1976,3,5,30560,9,1,9,5,7,1,3,1,1
160,1979,2,4,60152,325,83,386,58,91,6,12,6,1
161,1965,2,5,29672,9,1,3,4,8,0,3,5,2
162,1965,2,5,29672,9,1,3,4,8,0,3,6,2
163,1947,2,5,70321,303,23,833,26,191,6,13,6,0
164,1962,2,3,56181,121,103,77,44,48,4,7,6,1
165,1990,1,3,24279,16,36,41,62,108,4,3,6,0
166,1969,4,3,68462,561,64,869,128,48,3,8,6,0
167,1976,4,3,55424,462,61,194,53,107,7,9,6,1
168,1973,2,3,49094,376,0,49,8,69,6,6,6,1
169,1961,0,6,59184,341,142,372,151,66,6,12,6,1
170,1987,2,5,67430,595,97,418,133,121,11,12,2,0
171,1960,3,3,30522,179,8,102,11,26,1,9,6,1
172,1977,0,4,31878,23,4,15,5,23,1,4,6,1
173,1992,2,4,83528,530,117,812,44,147,4,8,6,0
174,1979,2,5,90300,594,134,819,134,57,5,8,6,0
175,1978,3,4,68092,852,60,285,36,48,2,10,5,0
176,1972,3,3,53761,158,0,89,7,71,4,3,0,2
177,1973,2,3,52845,384,25,422,41,64,8,6,6,1
178,1976,2,3,24027,14,7,22,0,5,2,3,6,1
179,1979,0,5,7500,2,8,14,8,21,3,2,3,1
180,1955,2,5,42586,194,2,56,0,0,4,6,6,2
182,1973,1,5,9722,6,17,22,16,42,3,3,6,1
183,1975,4,3,86836,179,21,273,21,63,6,6,6,0
184,1972,2,3,30467,1,3,10,5,5,1,2,1,1
185,1952,4,3,54549,216,2,6,0,9,5,4,5,1
186,1982,2,5,19444,16,0,26,2,10,4,2,5,1
187,1956,3,5,69245,428,30,294,30,61,6,10,5,1
188,1963,4,2,72968,1092,37,737,37,55,5,8,6,0
189,1953,2,3,48686,10,0,9,0,1,1,2,6,3
190,1990,2,3,73687,559,153,721,13,181,3,9,5,0
191,1944,4,4,82716,606,148,243,148,22,6,13,1,0
192,1981,0,3,35523,11,5,34,5,11,3,3,2,1
193,1975,4,2,60554,588,7,186,15,15,8,9,5,1
194,1956,2,5,64090,316,58,237,51,135,6,4,5,1
195,1965,2,4,61559,279,83,120,14,34,4,10,6,1
196,1962,4,6,71670,1462,16,128,0,160,5,6,6,0
197,1951,4,6,67680,546,0,48,6,6,7,8,0,1
198,1981,2,3,54386,277,21,126,21,25,3,10,6,1
199,1953,4,4,64108,948,10,99,21,21,6,11,0,1
200,1951,4,5,69702,664,9,290,19,57,7,10,6,1
201,1952,2,4,47958,268,11,103,3,22,6,5,5,1
202,1960,2,3,67716,530,142,279,9,56,7,13,1,1
203,1971,2,5,34600,199,33,68,3,15,5,5,6,2
205,1969,2,3,48752,73,57,171,15,0,6,5,6,2
206,1988,0,3,15716,16,5,38,7,26,3,4,5,1
207,1952,4,2,46610,96,12,129,22,43,4,6,0,2
208,1977,2,3,74985,587,51,1145,0,86,3,7,2,0
209,1945,4,4,45576,56,19,31,14,25,3,3,6,0
210,1945,4,4,113734,6,2,4,262,3,27,0,6,0
211,1987,2,4,57100,158,11,114,11,17,3,7,5,1
212,1972,2,3,24434,3,2,28,0,17,2,2,3,2
213,1971,4,3,37126,45,3,13,4,7,1,2,6,1
214,1958,2,4,45160,8,2,8,0,3,1,2,0,2
215,1977,2,5,33178,12,6,13,2,16,1,3,6,1
216,1950,3,6,64866,508,5,28,5,10,7,7,1,1
217,1975,3,5,34176,11,2,11,2,2,1,3,1,1
218,1968,3,4,50014,234,14,96,10,42,4,8,6,1
219,1948,2,3,92344,992,24,745,19,119,5,5,0,0
220,1970,3,2,55282,125,6,81,4,19,3,6,6,1
221,1963,4,2,48799,174,18,109,6,24,3,7,6,1
222,1982,4,3,84169,1478,19,403,19,0,7,6,6,0
223,1982,4,3,84169,1478,19,403,19,0,7,6,5,0
224,1971,3,4,39763,80,1,64,6,16,5,2,6,1
225,1975,4,2,74165,1001,12,256,12,12,5,10,1,0
226,1965,2,4,42720,392,5,119,26,112,7,7,2,2
227,1944,2,3,65275,388,14,309,14,21,4,13,6,0
228,1961,2,3,36443,65,0,50,3,20,3,3,6,2
229,1952,3,5,43776,177,2,74,2,20,5,4,5,2
230,1965,2,5,56046,577,0,64,0,51,10,8,2,0
231,1958,2,3,65148,460,35,455,12,153,6,7,1,1
232,1955,2,2,49431,219,3,126,0,17,7,5,6,1
233,1961,4,5,32583,5,0,3,0,1,1,2,6,2
234,1979,3,4,16653,5,7,46,4,7,2,3,6,1
235,1971,0,5,26850,31,1,20,2,9,2,4,6,2
236,1968,2,3,51287,117,0,35,0,30,4,3,6,2
237,1973,0,3,43050,30,5,30,3,8,2,4,6,1
238,1969,2,3,73448,236,106,212,41,130,7,9,1,0
239,1992,1,3,17256,6,4,22,8,22,2,2,7,1
240,1961,2,4,86429,464,28,902,18,37,7,7,5,0
241,1983,4,3,33569,16,2,21,0,24,1,2,6,1
242,1980,0,5,25130,2,5,7,18,18,2,3,1,1
243,1952,2,3,62998,120,58,138,89,58,5,5,1,1
244,1976,0,5,26907,9,1,7,3,2,1,3,6,2
245,1976,0,5,26907,9,1,7,3,2,1,3,0,2
246,1948,4,3,45579,145,1,35,1,1,4,4,6,1
247,1957,2,5,47320,200,19,161,15,19,5,8,1,1
248,1976,4,2,70179,532,88,237,44,133,7,13,5,1
249,1976,4,2,70179,532,88,237,44,133,7,13,7,1
250,1986,3,3,28072,30,0,12,0,5,1,3,1,1
251,1954,2,3,50501,297,0,51,0,152,5,4,3,2
252,1969,2,5,58917,151,7,89,7,28,4,6,5,3
253,1949,2,5,69372,997,26,303,13,42,10,6,1,0
254,1971,3,3,35178,23,1,15,2,18,1,2,6,1
255,1971,3,3,35178,23,1,15,2,18,1,2,0,1
256,1968,2,2,75693,797,153,365,97,30,11,6,6,0
257,1982,2,3,69109,823,25,583,29,95,6,7,7,0
258,1982,2,3,69109,823,25,583,29,95,6,7,6,0
259,1994,2,5,80134,966,26,334,26,26,2,11,6,0
260,1970,2,2,64713,180,60,254,54,54,5,7,0,1
261,1986,2,2,41411,37,32,49,3,18,2,4,6,0
262,1983,2,3,0,5,5,6,2,1,1,2,7,1
263,1955,4,4,55521,416,0,26,0,4,6,6,6,3
264,1968,3,5,43795,314,11,57,3,107,7,4,6,1
265,1970,2,5,22070,10,7,27,2,21,2,2,5,1
266,1949,3,3,36408,9,1,7,2,3,1,2,2,2
267,1950,2,5,34026,18,6,27,8,17,2,3,1,2
268,1950,2,5,34026,18,6,27,8,17,2,3,6,2
269,1976,2,3,46049,342,9,131,14,19,5,9,6,2
270,1972,3,3,35641,63,3,75,9,28,3,4,5,1
271,1984,0,5,32414,20,6,5,9,12,1,3,5,0
272,1955,4,3,59821,629,0,70,0,35,11,7,5,1
273,1980,2,3,34968,158,6,53,2,2,3,5,5,1
274,1967,4,3,56320,201,53,288,77,83,5,9,6,1
275,1969,3,3,70091,964,34,152,0,11,5,10,6,1
276,1956,2,5,46097,72,24,133,4,8,3,6,5,1
277,1963,4,2,41003,123,133,213,44,88,6,8,5,0
278,1959,2,5,44911,159,0,24,1,31,4,4,6,1
279,1975,2,4,33249,6,10,40,14,42,2,3,0,1
280,1975,2,4,33249,6,10,40,14,42,2,3,6,1
281,1950,4,2,42873,209,0,43,2,15,6,4,1,2
282,1969,4,3,51039,100,64,144,0,109,6,4,0,2
283,1958,4,5,78952,1170,19,693,76,134,2,12,6,1
284,1966,3,2,29435,70,3,41,2,64,3,2,1,2
285,1954,2,2,79865,71,99,463,121,38,5,5,5,1
286,1988,2,1,34176,5,7,43,14,20,3,4,1,1
287,1988,2,4,34176,5,7,43,14,20,3,4,3,1
288,1970,4,5,65968,376,9,102,4,4,5,7,1,1
289,1956,3,4,86424,387,68,658,45,68,6,12,5,0
290,1966,2,2,67272,357,35,299,28,14,6,12,6,1
291,1957,2,4,78499,912,72,217,36,97,11,4,1,0
292,1972,2,5,77044,625,38,292,34,76,7,11,6,1
293,1993,2,4,70515,420,0,634,64,140,6,4,4,0
294,1975,3,5,17459,6,4,19,10,30,3,2,6,1
295,1970,4,3,80336,209,19,616,142,66,2,13,6,0
296,1956,2,3,15759,1,2,11,0,3,1,2,6,0
297,1976,0,5,26326,1,0,5,3,9,0,3,2,0
298,1976,2,5,62061,641,7,84,30,38,10,7,6,1
299,1976,2,3,5305,12,4,8,3,5,1,0,3,1
300,1982,3,4,75777,712,26,607,13,80,3,11,0,0
301,1982,3,4,75777,712,26,607,13,80,3,11,3,0
302,1971,3,5,71499,465,25,268,0,37,8,13,6,1
303,1978,4,4,31626,39,1,11,1,34,2,2,2,1
304,1992,3,5,42670,154,2,66,4,15,4,4,5,0
305,1973,2,4,83917,514,22,774,198,79,6,7,6,0
306,1969,3,5,41021,14,7,15,16,12,2,3,5,1
307,1956,2,3,79456,565,42,612,83,99,5,4,6,0
308,1980,3,2,78789,667,50,871,83,83,4,5,6,0
309,1952,4,3,50870,53,0,8,0,2,2,3,6,1
310,1983,3,3,35876,66,2,44,3,14,3,3,6,0
311,1957,2,3,23539,4,24,27,1,25,2,4,1,0
312,1967,3,4,32557,34,3,29,4,10,2,3,1,1
313,1970,0,3,62466,129,129,427,121,83,6,12,6,1
315,1966,2,3,54198,185,0,31,2,17,3,6,6,2
316,1978,4,3,82170,1023,93,700,55,37,5,7,5,0
317,1964,4,4,61798,338,4,100,8,13,4,9,6,0
318,1992,1,4,15253,1,3,11,1,13,1,3,1,1
319,1988,3,3,78285,647,107,566,67,40,6,10,2,0
320,1955,2,4,62535,163,48,90,45,52,3,8,6,1
321,1973,1,5,27190,1,6,7,1,3,1,2,6,1
322,1968,0,3,48985,19,13,28,7,8,1,3,6,1
323,1970,2,3,72940,182,74,460,149,116,3,6,5,0
324,1985,0,3,36145,56,4,93,1,18,4,3,7,1
325,1977,2,5,157146,1,0,1727,1,1,0,0,5,0
326,1960,3,3,81843,779,86,571,69,138,5,12,6,0
327,1988,2,5,41883,32,34,114,16,116,4,3,1,1
328,1964,4,3,45759,42,1,21,0,4,2,3,3,2
329,1964,4,3,45759,42,1,21,0,4,2,3,6,2
330,1986,2,5,78394,298,27,913,24,166,4,5,6,0
331,1989,2,4,30279,10,4,18,4,1,1,3,6,1
333,1970,2,6,31880,4,1,7,0,3,1,2,6,1
334,1973,2,6,60208,488,23,86,0,59,8,7,6,2
335,1983,2,5,78687,817,185,832,55,241,4,8,6,0
336,1973,4,3,37401,19,3,22,1,3,2,3,6,1
337,1973,4,3,37401,19,3,22,1,3,2,3,3,1
338,1954,2,5,75315,459,15,313,23,31,5,12,5,1
339,1965,2,4,69263,492,5,45,5,21,9,7,1,1
340,1946,2,3,78569,558,79,829,175,95,4,4,6,0
341,1966,4,3,57705,383,0,59,4,40,8,6,6,1
342,1955,0,5,74805,209,162,250,162,37,4,10,6,1
343,1961,4,5,66426,1043,24,129,24,157,3,10,6,1
344,1949,3,6,51529,400,4,41,0,22,9,5,6,1
345,1946,2,3,18100,3,1,6,3,1,0,3,6,0
346,1977,0,2,59601,691,7,69,7,23,2,7,7,1
347,1977,0,5,20981,2,12,16,13,30,3,2,1,0
348,1976,2,3,74068,783,30,677,76,15,4,9,3,0
349,1983,2,3,36790,3,3,29,21,10,2,2,6,0
350,1971,2,3,18793,4,16,20,17,20,2,4,5,1
351,1954,2,6,27421,43,12,174,40,55,4,6,6,0
352,1972,2,3,30675,10,2,27,2,21,1,3,6,1
353,1974,2,5,83145,777,35,770,137,114,5,11,6,0
354,1968,3,5,34053,63,0,28,0,12,3,3,6,1
355,1983,3,4,31788,16,7,23,8,6,3,4,5,1
356,1974,0,3,45894,27,2,7,2,13,1,3,6,2
357,1978,2,2,41986,27,5,16,3,12,3,4,6,1
358,1962,4,3,42769,71,0,16,1,0,1,4,1,1
359,1982,0,5,58582,402,35,207,77,42,9,9,6,1
360,1964,2,3,49096,144,1,34,1,7,4,4,1,2
361,1980,4,4,76412,840,53,827,71,17,5,8,1,0
362,1990,2,3,18929,32,0,31,4,18,1,4,6,0
364,1990,2,3,18929,32,0,31,4,18,1,4,3,0
365,1986,3,4,21888,88,10,48,3,64,5,2,6,1
366,1978,2,5,41580,56,5,28,0,3,2,3,6,2
367,1979,4,3,31605,74,0,44,1,6,2,4,6,1
368,1974,4,2,25509,40,3,40,7,11,3,3,6,1
370,1959,3,6,33051,100,71,351,94,219,9,8,6,0
371,1966,4,5,28764,8,0,3,0,1,1,2,6,2
372,1983,0,3,32146,26,3,27,7,3,2,4,1,1
373,1983,2,4,22148,15,5,14,4,11,1,3,6,0
374,1979,2,3,36781,29,1,17,3,13,2,2,6,1
375,1960,3,3,54197,162,6,43,13,13,1,6,6,1
376,1970,2,4,93790,1302,68,820,114,45,6,12,1,0
377,1972,2,4,24762,6,10,15,15,40,3,2,5,1
378,1984,3,3,30477,47,1,6,0,12,1,3,3,1
379,1975,0,2,11448,0,0,6,2,6,1,2,6,0
380,1967,2,2,70844,129,26,70,67,2,6,5,2,2
381,1980,2,4,30828,16,11,17,0,12,1,4,0,1
382,1967,3,5,62513,520,42,98,42,14,6,10,7,1
383,1981,0,3,27733,0,7,31,2,17,2,3,2,1
384,1973,4,5,39435,71,0,18,0,13,3,2,6,1
385,1970,3,4,75345,918,57,941,38,133,5,6,6,0
386,1986,0,5,20491,5,4,9,2,10,0,2,2,0
387,1971,2,3,36715,172,10,146,13,16,7,4,6,1
388,1959,2,5,71706,931,56,344,98,14,9,7,1,1
389,1966,4,3,69063,666,35,193,8,26,5,5,6,1
390,1988,2,3,24645,5,3,8,1,0,1,2,5,1
391,1975,2,3,35797,27,1,18,1,21,2,3,5,1
392,1969,2,3,44078,24,1,12,0,4,2,3,5,2
393,1971,2,4,26954,4,1,11,0,1,1,2,6,1
394,1972,4,5,0,25,1,13,0,3,1,3,0,1
395,1972,4,5,38887,25,1,13,0,3,1,3,0,1
396,1974,0,3,65463,391,32,91,32,16,6,9,6,1
397,1959,4,5,53537,81,0,6,0,6,2,3,3,2
398,1971,3,4,36230,14,2,38,2,3,2,4,6,1
399,1950,2,3,80763,674,168,300,42,231,5,6,5,0
400,1971,4,3,60585,267,42,364,42,21,7,9,1,2
401,1974,2,4,49166,224,2,32,0,110,5,3,3,1
402,1955,4,5,75261,1239,17,436,34,17,5,5,6,0
403,1991,2,5,89891,412,22,191,28,183,11,8,0,0
404,1962,3,3,72828,1205,0,254,14,205,6,13,6,1
405,1952,2,5,75278,304,98,380,74,74,6,13,5,0
406,1978,2,4,38557,76,3,35,4,27,3,3,1,1
407,1963,4,3,81300,1004,12,177,12,36,10,5,6,1
408,1965,0,2,60161,584,44,258,8,177,11,8,1,1
409,1977,4,3,69389,422,7,307,46,15,7,12,0,1
410,1954,2,2,64497,1170,48,362,32,192,11,9,5,1
411,1980,2,3,61014,269,129,677,43,29,9,4,3,1
412,1975,3,3,44319,26,0,8,0,3,2,3,5,2
413,1957,0,3,53233,28,0,12,0,0,1,3,1,1
414,1954,2,5,77972,613,22,352,102,12,4,9,5,0
415,1987,2,2,81361,163,23,451,65,76,3,13,2,0
416,1987,2,2,81361,163,23,451,65,76,3,13,5,0
417,1984,1,4,25707,1,6,5,6,3,1,3,6,1
418,1971,4,3,42403,22,1,11,5,3,1,3,6,1
419,1972,0,4,65704,279,172,112,8,246,2,10,2,0
420,1980,2,3,37406,2,0,10,2,3,1,2,6,1
421,1951,3,5,39767,113,61,238,26,47,7,7,6,0
422,1979,0,3,54210,70,54,189,9,45,4,7,6,1
423,1967,2,2,57136,267,140,633,12,127,7,7,5,0
424,1975,2,3,40794,261,23,77,23,50,6,5,6,1
425,1965,2,5,83003,856,61,610,25,122,7,8,6,0
426,1960,3,3,89058,454,194,137,22,43,5,4,1,0
427,1991,0,5,20193,8,8,46,11,9,1,4,6,0
428,1974,2,3,72099,546,91,529,0,22,3,10,6,0
429,1971,2,3,43824,96,1,54,3,32,3,4,6,2
430,1975,2,5,66653,452,18,118,18,6,4,12,0,2
431,1978,2,3,44359,20,0,21,3,1,2,4,6,2
432,1961,2,3,79410,658,80,606,13,13,3,5,6,0
433,1977,3,3,55842,451,0,39,4,24,7,8,6,1
434,1966,2,6,79946,395,183,731,141,28,5,5,5,0
435,1979,0,4,88194,688,14,510,24,38,11,10,2,1
436,1944,3,3,80184,1035,134,695,38,0,6,10,6,0
437,1967,2,2,76982,464,151,357,60,30,8,4,6,0
438,1980,4,4,65295,365,32,151,110,6,3,13,7,0
439,1973,2,5,57100,181,21,108,3,96,3,6,5,0
440,1981,2,3,29009,6,6,25,5,2,2,3,7,1
441,1971,4,3,78931,331,197,228,152,35,2,13,1,0
442,1975,3,3,7500,3,1,13,2,12,2,3,0,1
443,1976,2,3,56939,256,34,193,29,49,3,10,6,1
444,1990,2,4,64509,836,185,599,25,77,6,9,5,0
445,1990,2,3,30093,2,6,41,4,16,2,3,6,0
446,1974,4,5,30351,14,0,27,3,2,3,2,7,1
447,1974,4,5,30351,14,0,27,3,2,3,2,6,1
448,1960,4,5,38201,233,0,23,0,12,5,5,5,1
449,1986,2,4,0,5,1,6,263,362,27,0,0,1
450,1980,4,3,43974,378,0,101,0,72,6,6,1,1
451,1970,2,5,38200,12,0,4,0,1,1,2,6,2
452,1960,0,2,87305,345,25,564,138,80,5,8,0,0
453,1961,2,3,16860,10,4,7,3,14,1,3,6,2
454,1972,4,4,27213,19,3,36,9,3,2,4,6,1
455,1976,2,3,7500,7,0,25,7,32,4,2,0,1
456,1965,2,2,4861,2,1,2,0,1,0,0,5,0
457,1971,3,3,38196,30,0,11,0,3,2,4,6,2
458,1950,4,3,41145,9,0,3,0,1,0,3,1,2
459,1982,4,4,38513,172,3,131,0,18,6,5,6,1
460,1968,2,3,45688,279,0,18,0,9,3,8,6,1
461,1958,4,5,77863,881,38,335,25,12,4,10,6,0
462,1969,3,3,42169,19,0,9,0,2,1,3,6,2
463,1964,2,4,45906,305,3,31,3,144,5,4,6,1
464,1988,0,2,35388,6,4,11,3,8,1,3,5,1
465,1969,2,3,80952,778,178,730,27,44,8,11,2,0
466,1954,2,5,39898,69,8,38,7,12,3,4,1,1
467,1954,2,5,39898,69,8,38,7,12,3,4,6,1
468,1973,3,2,44051,79,7,64,3,18,3,4,5,2
469,1954,2,3,86718,344,189,532,33,172,5,5,3,0
470,1986,3,3,80141,1184,102,725,40,40,7,10,6,0
471,1976,2,3,58597,490,0,194,28,21,7,9,3,2
472,1945,4,3,70356,1349,16,292,16,33,10,9,1,0
473,1967,2,4,46904,153,4,56,9,31,5,4,6,2
474,1946,2,5,37760,84,5,188,12,28,4,6,7,0
475,1946,2,5,37760,84,5,188,12,28,4,6,5,0
476,1964,2,4,61839,1000,155,603,17,120,4,4,6,0
477,1972,4,3,29791,14,0,6,0,0,2,3,0,1
478,1963,4,4,48918,52,0,9,0,1,1,4,6,2
480,1965,2,3,58692,301,11,65,7,11,8,4,1,1
481,1976,2,3,39356,15,0,2,0,6,1,2,6,2
482,1972,3,3,76234,519,50,297,0,41,8,11,1,1
483,1984,2,3,55434,238,115,384,69,76,5,13,5,1
484,1946,3,3,66835,620,26,229,17,141,6,13,3,0
485,1946,3,3,66835,620,26,229,17,141,6,13,6,0
486,1951,2,3,71965,572,19,336,38,248,6,5,1,1
487,1971,2,5,74538,380,98,843,112,28,8,5,6,0
488,1954,2,2,50002,443,5,92,16,82,8,7,5,1
489,1958,2,5,53977,620,16,165,24,82,5,12,1,1
490,1958,2,5,53977,620,16,165,24,82,5,12,6,1
491,1971,2,5,69930,252,98,1046,70,196,4,12,3,0
492,1967,4,5,62981,796,14,628,44,0,4,13,1,0
493,1974,3,5,46014,410,0,78,9,44,7,8,5,2
494,1987,2,5,18227,1,2,11,3,11,0,2,6,1
495,1976,2,3,65991,507,19,389,47,9,9,10,6,1
496,1972,2,4,38808,125,17,55,19,30,5,4,6,1
497,1982,4,3,160803,55,16,1639,3,4,0,1,7,0
498,1978,3,3,43783,327,9,150,4,139,7,8,1,1
499,1969,4,3,30396,15,0,6,1,12,1,2,6,1
500,1964,4,3,65526,397,19,81,0,9,4,8,6,1
501,1964,4,3,65526,397,19,81,0,9,4,8,5,1
502,1944,2,3,55956,760,38,154,9,38,7,4,6,0
503,1978,2,2,55563,29,1,11,0,2,2,3,6,1
504,1965,4,3,57236,105,0,11,1,4,2,4,6,2
505,1973,2,2,89694,1126,28,248,28,42,4,4,0,2
506,1971,3,5,57420,280,0,18,0,24,5,6,7,1
507,1972,2,3,33622,39,1,25,4,12,2,4,2,2
508,1986,4,4,29999,68,7,69,5,11,3,4,6,1
509,1962,4,5,31497,108,1,41,1,4,3,4,6,1
510,1962,4,5,31497,108,1,41,1,4,3,4,5,1
511,1980,4,4,36802,16,1,2,0,1,1,3,6,1
512,1968,2,2,61671,641,7,56,0,28,10,6,6,1
513,1893,0,4,60182,8,0,12,0,2,1,2,5,1
514,1971,4,5,29732,25,0,8,1,4,2,2,1,1
515,1986,4,3,45921,102,9,73,3,12,2,6,5,0
516,1984,2,5,16529,3,0,18,0,1,1,3,1,1
517,1960,3,4,98777,1000,19,836,115,38,4,9,6,0
519,1952,3,3,77027,820,57,287,0,11,8,6,6,1
520,1965,2,3,69139,86,12,108,15,6,4,5,6,1
521,1965,2,3,69139,86,12,108,15,6,4,5,5,1
522,1982,2,3,65169,1074,0,69,0,46,10,13,6,0
523,1952,2,6,40049,13,6,7,3,3,1,3,6,1
524,1945,2,3,69755,217,77,484,23,93,3,12,5,0
525,1961,4,3,0,352,0,37,0,15,6,7,1,1
526,1961,4,3,54456,352,0,37,0,15,6,7,6,1
527,1977,2,5,666666,9,14,26,1,12,3,3,5,1
528,1951,2,4,60689,240,90,279,6,24,4,10,7,1
529,1978,1,4,26487,2,8,22,14,23,2,3,1,1
530,1970,2,3,28164,3,18,37,8,12,2,4,2,1
531,1970,2,4,22585,3,9,28,2,39,1,2,6,0
532,1971,2,3,64795,412,5,157,29,77,3,12,6,1
533,1987,4,4,42000,124,83,352,59,35,5,11,6,0
534,1987,4,4,42000,124,83,352,59,35,5,11,0,0
535,1966,2,5,70713,736,114,361,76,190,5,8,6,1
536,1946,4,4,82800,1006,22,174,68,45,7,12,7,0
537,1946,4,4,82800,1006,22,174,68,45,7,12,5,0
538,1975,1,3,30801,8,4,20,2,11,1,3,6,1
539,1974,3,3,83891,217,38,461,85,15,4,10,6,1
540,1950,3,2,38054,23,2,19,1,0,2,3,3,2
541,1969,2,3,14045,11,0,7,1,1,1,3,6,1
542,1957,4,3,44155,22,1,9,0,14,1,2,6,2
543,1970,4,4,57642,580,6,66,0,27,7,6,3,1
544,1977,2,3,31353,10,0,13,1,7,1,2,3,2
545,1977,2,3,31353,10,0,13,1,7,1,2,5,2
546,1968,3,2,41335,112,19,37,14,5,4,4,0,1
547,1968,3,2,41335,112,19,37,14,5,4,4,7,1
548,1957,4,4,40737,11,0,4,0,2,1,2,5,3
549,1975,0,5,19789,2,5,37,6,28,2,3,6,1
550,1949,4,2,35946,8,0,3,0,0,0,3,0,2
551,1983,3,3,36262,88,39,118,28,153,3,3,6,0
552,1954,3,6,44551,182,4,33,0,66,4,5,5,1
553,1959,2,5,71367,227,23,431,21,75,4,7,6,0
555,1959,2,5,57957,290,59,254,5,29,4,8,1,1
556,1972,0,5,50334,284,16,244,16,134,7,6,5,1
557,1949,3,3,48150,173,2,42,2,47,5,4,2,1
558,1969,2,3,56796,656,38,223,47,37,8,7,6,1
559,1969,2,3,56796,656,38,223,47,37,8,7,0,1
560,1963,4,6,52278,953,0,71,0,174,10,10,5,1
561,1963,4,6,52278,953,0,71,0,174,10,10,6,1
562,1996,0,3,7500,3,18,29,22,50,3,3,0,0
563,1952,3,3,33444,8,0,8,0,2,1,2,6,2
564,1973,2,3,20895,18,3,20,0,4,2,3,0,1
565,1976,3,5,37509,37,5,68,8,5,3,4,2,1
566,1978,3,3,88097,163,0,480,126,75,6,8,6,1
567,1973,2,3,59041,69,2,17,2,6,2,4,5,2
568,1974,2,4,43322,56,7,58,2,18,3,4,3,0
569,1955,4,5,46015,38,0,2,0,6,1,3,5,2
570,1955,4,5,46015,38,0,2,0,6,1,3,1,2
571,1959,3,3,34242,8,2,4,0,1,0,3,6,1
572,1955,2,3,65210,626,0,70,7,28,9,8,1,1
573,1958,4,6,50520,112,0,8,1,14,3,3,6,1
574,1970,2,3,90765,547,99,963,82,33,4,5,1,0
575,1944,2,3,80589,507,93,762,40,26,5,5,0,0
576,1958,3,3,49572,35,1,16,1,1,2,3,1,2
577,1978,2,5,75437,795,0,640,58,0,8,10,6,0
578,1971,3,2,44635,56,0,9,0,3,2,3,6,2
579,1964,2,3,58512,895,10,114,0,152,3,8,2,1
580,1952,4,4,62000,899,0,101,0,20,6,13,6,1
581,1956,2,4,54252,178,4,34,4,44,4,5,0,2
582,1974,4,5,45068,14,0,3,0,3,1,2,6,1
583,1979,2,4,60474,265,199,537,9,170,10,12,3,1
584,1979,2,4,60474,265,199,537,9,170,10,12,1,1
585,1981,0,3,56337,349,16,172,5,182,8,4,6,2
586,1987,2,5,22434,4,12,14,13,15,2,3,6,1
587,1982,2,5,61416,848,154,524,61,78,10,10,7,0
588,1975,3,3,92163,817,183,903,163,20,5,5,6,0
589,1956,3,5,58656,962,12,210,24,12,7,13,6,1
590,1973,0,3,0,25,3,60,4,17,3,3,2,1
591,1986,1,4,8940,1,45,7,6,42,3,3,6,1
592,1974,2,3,26751,1,1,5,3,1,1,2,6,2
593,1978,2,3,71427,212,123,192,64,23,8,8,7,2
594,1984,2,5,26646,11,4,30,3,5,2,4,7,1
595,1974,2,2,19346,2,0,12,6,2,1,3,1,1
596,1975,2,4,56243,347,0,39,3,7,4,8,7,3
597,1970,4,3,59892,73,0,13,1,0,2,3,1,1
598,1965,2,5,71613,426,49,238,21,42,8,10,7,0
599,1986,2,3,25252,1,3,6,2,6,1,2,0,1
600,1975,2,4,42160,48,9,48,15,20,2,4,6,2
601,1979,1,4,15862,1,1,15,9,10,1,3,6,1
602,1974,3,3,82584,1076,68,132,91,68,3,8,6,0
603,1989,2,3,38360,36,2,62,21,10,2,4,0,1
604,1957,4,3,75283,733,9,192,19,66,6,5,5,3
605,1956,3,5,34941,39,2,29,3,24,3,3,0,2
606,1952,2,4,61823,523,7,171,14,169,8,10,0,1
607,1956,3,3,90226,1083,108,902,151,108,4,12,5,0
608,1974,2,3,44989,98,0,155,10,106,5,5,6,1
610,1980,2,3,43586,99,2,15,0,16,3,4,2,1
611,1974,2,4,32233,138,15,60,11,72,6,2,6,1
612,1969,2,5,62882,509,133,575,24,97,7,6,0,1
613,1963,3,5,57288,527,0,21,0,60,8,8,1,1
614,1981,0,5,75774,340,21,392,14,56,7,8,5,1
615,1981,0,5,75774,340,21,392,14,56,7,8,6,1
616,1988,3,4,90247,1184,32,373,16,16,3,7,7,0
617,1960,0,4,32218,10,24,28,1,30,2,3,6,0
618,1988,2,3,84219,434,137,445,137,45,3,10,5,0
619,1988,2,3,84219,434,137,445,137,45,3,10,1,0
620,1966,2,2,48877,102,1,17,0,24,3,4,6,1
621,1950,2,5,60905,208,17,112,17,38,3,7,7,1
622,1964,2,3,75236,438,66,412,38,114,8,13,6,1
623,1953,2,2,62551,125,16,232,21,27,6,4,3,0
624,1983,4,5,70123,1308,0,419,0,0,5,4,3,0
625,1962,2,4,50785,64,1,21,1,27,2,3,1,2
626,1970,0,3,15315,7,4,28,8,17,2,4,6,0
628,1970,4,5,64413,200,5,44,10,20,5,5,6,1
629,1981,4,3,87171,1001,44,165,44,44,6,11,6,0
630,1961,2,4,30081,36,0,2,0,4,1,3,6,1
631,1976,2,4,20180,18,42,39,20,18,2,4,6,0
633,1966,2,2,55686,673,0,236,47,26,6,5,6,1
634,1959,0,3,26887,6,7,7,4,6,1,3,6,1
635,1977,4,3,61996,1050,12,144,0,24,6,8,6,1
636,1952,2,2,51537,787,20,204,0,92,2,11,5,1
637,1962,2,5,72025,833,33,700,133,233,4,8,6,0
638,1971,3,5,30538,284,0,60,3,20,9,4,6,1
639,1991,0,4,61618,605,91,399,45,205,3,8,3,0
640,1965,2,3,77343,227,151,671,54,31,3,9,1,0
641,1989,2,3,75433,800,0,297,34,57,2,10,6,1
642,1962,4,6,82571,861,31,620,95,79,6,13,6,0
643,1954,3,5,60033,62,1,76,11,48,2,5,6,1
644,1983,2,4,39062,23,0,9,0,12,1,3,6,1
645,1972,2,3,30023,11,0,23,6,21,2,3,6,1
646,1970,2,4,30015,25,0,24,3,5,1,4,6,1
647,1980,2,3,33228,22,2,38,4,5,2,3,6,1
648,1967,2,3,22574,25,0,10,0,2,2,3,6,3
650,1957,2,3,55267,161,28,168,3,45,3,6,1,1
651,1958,2,5,66886,315,4,103,31,146,7,7,6,1
652,1971,2,4,72258,522,0,749,120,134,6,5,1,1
653,1984,4,4,82733,712,50,485,38,38,8,7,6,0
654,1963,2,2,45146,33,0,5,0,15,1,2,3,2
655,1990,0,4,51250,342,32,264,32,40,10,4,5,1
656,1951,2,3,32871,22,2,12,2,5,1,3,7,2
657,1978,0,5,63855,359,35,407,116,89,7,13,2,0
658,1968,4,2,42564,324,48,225,18,198,6,4,1,1
659,1972,0,5,46344,233,20,65,20,91,7,5,1,1
660,1963,2,3,50437,370,9,98,9,4,7,8,6,2
661,1960,2,5,70971,1001,17,665,125,17,11,5,6,1
662,1977,2,4,37774,173,8,114,2,176,7,3,6,2
663,1963,4,3,4023,5,0,2,1,1,0,0,6,2
664,1966,2,4,33279,10,3,3,0,0,0,3,6,0
665,1978,2,3,42693,8,4,26,3,16,1,3,6,1
666,1952,3,5,70545,138,39,118,18,21,4,7,0,1
667,1957,2,6,65486,245,19,162,67,14,4,10,0,1
668,1981,3,5,77882,68,129,584,22,15,3,5,5,0
669,1960,2,5,78468,434,22,492,22,34,10,10,7,0
670,1963,2,5,77226,631,43,367,76,21,6,12,6,1
671,1991,3,4,90638,1156,120,1009,144,96,3,10,6,0
672,1991,3,4,90638,1156,120,1009,144,96,3,10,5,0
673,1948,2,5,70666,398,40,486,122,30,7,4,0,0
674,1959,0,2,59052,230,35,138,57,31,7,7,5,1
675,1952,1,5,13084,2,0,10,7,10,1,3,7,0
676,1949,2,2,49160,122,21,68,10,15,3,6,6,1
677,1953,2,2,23272,19,3,10,2,12,1,3,6,0
678,1963,3,2,49476,386,23,149,41,196,2,5,1,1
679,1965,3,3,62694,379,6,182,91,91,9,7,6,2
680,1973,4,5,57906,243,11,129,3,15,4,8,3,1
681,1982,2,5,71853,358,108,554,97,32,2,6,6,0
683,1959,2,3,65031,258,107,375,37,86,10,13,2,1
684,1960,2,5,30507,65,36,112,20,110,5,4,6,0
685,1970,2,5,67419,846,84,443,56,42,9,8,1,1
686,1950,2,3,59462,724,17,143,8,196,9,12,7,1
687,1994,2,4,95529,770,29,1140,27,24,7,7,5,0
688,1953,2,6,53653,815,10,267,10,108,10,12,6,0
689,1980,1,3,25965,2,2,52,7,11,2,3,6,0
690,1970,2,3,22979,16,17,39,21,22,3,2,6,1
691,1951,4,4,64950,819,0,84,0,63,11,10,5,1
692,1985,2,3,44322,46,0,43,0,3,3,3,5,1
693,1983,2,3,30096,5,3,23,5,9,2,3,2,1
694,1983,2,3,30096,5,3,23,5,9,2,3,6,1
695,1977,2,4,56628,479,5,89,17,171,7,5,1,1
696,1977,0,5,82326,938,142,913,81,183,5,6,6,0
697,1995,2,4,71163,283,17,510,106,44,3,12,2,0
698,1978,2,2,71022,909,12,278,12,242,5,11,7,1
699,1954,0,4,42607,156,29,86,32,47,3,7,5,1
700,1975,2,3,43057,213,2,44,2,5,4,5,6,1
701,1975,3,3,47808,123,1,28,0,72,3,3,6,1
702,1987,2,4,29236,37,4,40,9,9,4,3,6,1
703,1969,2,6,40590,154,0,56,11,37,3,3,1,2
705,1959,3,3,77520,940,44,396,88,58,8,7,6,1
706,1981,2,3,40211,51,1,9,1,25,2,2,6,2
707,1973,4,5,63516,141,11,129,14,5,4,7,1,2
708,1974,2,2,53034,160,15,211,11,50,6,7,7,2
709,1975,3,5,22669,16,14,73,22,48,4,2,6,1
710,1982,2,3,79908,557,129,790,185,111,5,7,6,0
711,1986,4,4,69867,196,0,545,130,54,3,8,5,0
712,1966,2,2,70287,295,35,603,120,40,5,10,0,0
713,1966,2,4,37070,231,7,141,15,39,5,8,5,2
714,1966,2,4,37070,231,7,141,15,39,5,8,6,2
715,1966,3,3,38179,38,4,26,2,20,3,3,5,2
716,1983,2,3,39922,29,12,78,1,36,3,4,3,1
717,1983,2,3,39922,29,12,78,1,36,3,4,2,1
718,1983,2,3,39922,29,12,78,1,36,3,4,5,1
719,1963,3,4,64191,420,15,337,38,15,5,13,6,1
720,1975,0,4,41658,8,4,27,4,29,1,2,0,2
721,1976,2,2,40780,229,27,84,3,34,7,5,1,1
722,1979,2,5,77568,1230,0,628,178,158,10,8,6,1
723,1985,2,4,66503,91,64,193,3,50,4,6,6,1
724,1986,2,3,83512,1060,61,915,20,101,4,10,6,0
725,1964,4,3,31686,11,0,5,0,1,1,3,5,2
726,1976,2,5,71322,121,24,148,15,42,4,7,0,1
727,1988,2,4,27938,13,0,10,1,5,1,4,0,1
728,1951,2,2,22263,17,0,2,0,2,1,3,6,2
729,1956,2,5,34633,8,1,5,0,1,1,2,5,3
730,1981,2,5,42162,46,7,61,4,27,3,3,6,1
731,1976,4,5,162397,85,1,18,1,2,0,1,6,2
732,1978,2,6,54162,5,6,16,5,10,1,3,6,2
733,1955,0,2,41769,302,29,163,0,27,8,7,3,1
734,1981,4,5,44953,728,17,144,8,124,7,13,2,0
735,1978,4,3,37717,9,0,10,1,5,1,2,5,1
736,1978,4,3,37717,9,0,10,1,5,1,2,6,1
737,1970,2,5,40548,110,0,7,0,3,2,4,0,1
738,1975,0,2,67893,711,28,191,18,47,3,9,5,1
739,1953,2,4,69267,778,44,594,73,146,3,5,5,0
740,1976,1,2,9548,0,1,13,6,9,1,3,1,1
741,1958,2,4,68281,995,112,459,48,41,2,13,6,0
742,1960,0,5,92556,493,183,536,23,28,3,13,6,0
743,1979,2,4,48526,23,17,66,20,9,2,4,6,1
744,1991,2,4,90273,704,129,973,74,111,5,7,6,0
745,1981,0,5,19414,2,3,15,5,7,1,3,1,1
746,1958,4,4,79761,415,5,139,35,11,5,11,5,1
747,1951,4,3,53312,241,0,12,0,25,5,5,6,0
748,1982,0,5,41039,34,11,316,61,45,8,5,7,0
749,1961,2,5,88347,1050,178,632,138,118,4,9,6,0
750,1983,4,3,50150,135,46,157,61,11,5,7,1,0
751,1983,4,3,50150,135,46,157,61,11,5,7,6,0
752,1971,2,4,10245,4,7,13,4,13,1,2,6,1
753,1985,4,3,33454,76,10,59,1,23,4,4,7,1
754,1952,2,4,40887,50,4,54,10,43,3,3,6,2
755,1975,2,5,55914,384,60,483,101,232,11,8,7,1
756,1983,2,5,37292,275,0,96,23,66,6,5,6,1
757,1971,2,3,52914,254,10,74,10,227,7,3,1,1
758,1972,0,3,24884,3,6,7,0,3,0,3,6,1
759,1970,2,4,67384,957,40,333,53,107,7,5,6,1
760,1960,2,3,51651,293,6,36,6,92,6,5,0,1
761,1980,2,3,82497,777,129,789,21,203,2,9,5,0
762,1963,0,3,32632,63,151,290,19,53,4,8,6,0
763,1963,3,3,33562,21,12,12,3,3,2,4,3,3
764,1967,2,4,79146,245,16,244,43,16,8,8,2,2
765,1967,2,4,79146,245,16,244,43,16,8,8,6,2
766,1981,3,4,36143,12,0,1,0,6,0,2,6,1
767,1973,3,3,27159,17,0,3,0,1,1,3,6,2
768,1960,3,5,41275,24,4,22,2,9,3,3,1,3
769,1965,0,3,76800,173,26,290,71,81,4,7,3,0
770,1987,2,3,75794,754,160,688,32,48,7,12,5,0
771,1951,2,3,30833,11,0,10,1,6,1,3,6,2
772,1949,4,4,26518,20,1,31,3,2,2,3,7,2
773,1981,2,4,91065,822,114,287,137,114,7,9,6,0
774,1962,3,4,45183,219,3,72,9,12,4,7,1,0
775,1950,2,5,48070,373,14,89,9,19,8,6,6,1
776,1971,2,6,30372,15,0,19,3,7,2,3,6,2
778,1975,0,3,57036,1171,43,238,14,47,6,13,3,1
779,1970,2,6,66731,371,159,252,106,141,4,6,6,1
780,1970,4,2,35682,23,0,14,2,18,1,3,0,1
781,1989,3,2,10979,8,4,12,2,4,3,3,0,0
782,1989,3,2,10979,8,4,12,2,4,3,3,6,0
783,1965,4,2,57912,801,0,80,0,35,8,12,5,1
784,1972,2,3,36026,20,4,16,4,17,2,3,0,3
785,1971,2,3,35788,23,2,14,1,4,2,3,1,2
786,1959,2,3,42243,48,0,2,0,5,2,3,5,2
787,1956,2,2,46086,244,8,39,2,50,3,8,6,1
788,1978,3,5,61346,562,58,211,16,142,5,10,3,1
789,1971,3,4,33316,79,1,35,4,12,2,4,7,2
790,1971,3,4,33316,79,1,35,4,12,2,4,6,2
791,1987,1,4,21063,1,10,30,3,15,2,3,6,1
792,1970,2,4,33697,4,3,7,3,11,1,2,2,1
793,1978,0,3,25804,8,7,22,6,12,2,3,1,1
794,1977,2,3,72117,707,20,236,60,50,9,9,6,1
795,1966,2,3,61286,356,0,126,9,117,7,8,3,1
796,1966,2,3,61286,356,0,126,9,117,7,8,2,1
797,1958,2,5,65196,743,19,193,0,200,7,11,6,2
798,1971,2,2,55635,235,65,214,49,27,7,7,7,1
799,1981,3,5,42021,393,5,143,5,27,10,6,6,1
800,1972,3,3,75251,721,111,1022,18,18,7,5,2,0
801,1968,2,5,35322,28,9,49,7,13,2,4,6,3
802,1969,4,5,53374,896,10,114,10,34,4,9,1,1
803,1959,2,3,87195,217,76,740,26,38,3,5,1,0
804,1981,0,4,42395,48,13,81,15,25,3,4,3,2
805,1966,2,5,82427,482,147,613,107,107,3,12,6,0
806,1969,3,5,44602,167,2,89,0,34,6,4,3,2
807,1951,2,3,94642,879,143,903,143,143,5,9,6,0
808,1983,2,5,28359,6,0,7,1,2,1,2,5,1
809,1975,2,4,55801,367,4,57,4,95,7,6,7,2
810,1973,2,3,92955,693,21,956,24,84,6,9,5,0
811,1968,2,5,56534,691,7,71,0,46,10,7,6,1
812,1962,2,4,69627,231,161,386,30,53,8,11,7,1
813,1970,3,2,78579,816,66,765,66,99,5,4,6,0
814,1980,2,5,44964,19,1,19,0,2,1,3,0,2
815,1974,4,4,30899,24,0,8,0,1,1,3,5,1
816,1964,4,2,78825,483,74,283,37,18,5,13,6,0
817,1987,2,3,25545,32,1,80,12,85,2,3,6,1
818,1971,4,6,47111,595,71,273,112,41,3,10,5,1
819,1955,4,4,49667,1181,26,137,13,39,5,5,1,0
820,1947,3,5,66000,244,51,371,0,45,1,5,6,0
821,1964,4,5,46910,48,0,14,0,6,2,3,6,2
822,1972,1,3,25224,4,9,23,2,8,1,3,1,1
823,1968,2,5,77382,491,48,343,105,134,5,12,6,1
824,1967,4,2,28420,4,2,7,0,0,1,2,6,1
825,1977,2,2,32952,38,0,15,1,1,2,3,1,1
826,1975,2,3,46149,254,6,75,0,27,5,7,6,1
827,1899,4,5,83532,755,144,666,64,224,4,4,6,0
828,1947,4,5,73059,410,112,420,82,71,9,13,6,1
829,1947,4,5,73059,410,112,420,82,71,9,13,5,1
830,1959,2,3,35701,21,1,16,3,5,1,3,6,0
831,1983,3,4,89616,671,47,800,111,15,7,12,1,0
832,1970,2,5,105471,1009,181,306,21,207,9,13,6,0
833,1948,3,6,78427,972,19,775,26,138,3,10,2,0
834,1986,2,3,22518,11,7,14,2,27,2,2,6,1
835,1976,2,3,59809,598,16,173,41,49,3,6,1,2
836,1982,2,4,39660,139,13,98,13,36,7,3,6,1
837,1950,0,5,52203,488,21,294,108,28,8,11,7,0
838,1973,4,1,35860,15,0,12,2,20,1,2,1,2
839,1973,4,2,35860,15,0,12,2,20,1,2,6,2
841,1973,4,2,35860,15,0,12,2,20,1,2,5,2
842,1950,4,6,76842,605,10,429,54,32,1,7,6,0
843,1951,2,4,15033,0,4,11,0,4,1,3,5,0
844,1970,4,3,67353,702,17,151,8,35,5,12,0,1
845,1975,0,3,17003,2,5,16,8,7,2,4,2,1
846,1965,3,5,65735,239,7,123,15,11,6,6,6,2
847,1971,2,6,45684,5,1,15,0,7,1,2,5,1
848,1969,2,5,21918,1,6,18,5,3,2,3,1,1
849,1978,2,3,51267,183,2,71,2,12,3,5,1,2
850,1972,2,5,59868,771,51,208,10,154,11,12,6,1
851,1991,2,3,51373,83,2,165,26,117,3,3,6,0
852,1958,3,5,46692,170,6,121,12,88,6,5,6,1
853,1971,3,5,157733,39,1,11,0,8,1,1,6,1
854,1950,4,3,54432,33,0,5,0,0,1,3,6,3
855,1984,2,4,79607,450,133,1124,0,216,3,6,1,0
856,1972,2,2,51813,51,2,7,1,2,2,3,1,2
857,1989,1,3,17487,0,0,8,4,6,1,2,0,1
858,1968,4,5,40706,59,0,15,2,5,3,4,5,3
859,1959,4,2,62859,1063,89,118,12,25,9,6,6,1
860,1958,2,3,61074,789,0,133,28,152,11,8,5,1
861,1969,2,6,43638,63,10,90,19,19,4,4,6,1
862,1956,2,3,58116,228,19,134,11,51,3,8,6,1
863,1969,4,6,62187,512,0,83,0,41,6,10,6,1
864,1954,2,4,46344,11,1,8,1,6,1,2,7,2
865,1980,2,3,77353,275,59,176,101,59,6,8,6,1
866,1966,4,4,69759,452,20,527,30,0,4,5,6,0
867,1986,2,2,21846,7,17,24,10,26,4,3,5,1
868,1975,2,5,76532,355,30,267,138,30,9,7,6,2
869,1965,3,3,70053,512,53,179,179,89,8,10,6,1
870,1958,0,4,75342,204,97,118,118,26,5,10,6,1
871,1982,3,5,27590,6,0,5,0,1,1,2,6,1
872,1973,2,3,51148,235,6,53,9,12,5,6,3,2
873,1963,2,2,33378,33,6,43,7,10,2,4,5,2
874,1973,4,3,32644,239,3,141,7,23,7,6,6,1
875,1969,4,3,33581,11,0,5,0,1,1,2,6,2
876,1978,0,3,12393,5,6,26,7,13,2,3,5,0
877,1984,4,4,42710,252,3,46,3,102,4,3,6,1
878,1957,0,3,82347,556,54,1047,133,63,7,10,3,0
879,1957,0,3,82347,556,54,1047,133,63,7,10,1,0
880,1955,4,3,22554,27,0,10,0,4,2,4,6,2
881,1987,2,3,17323,3,14,23,1,5,1,3,7,0
882,1960,2,2,62204,317,46,398,46,139,4,12,6,2
883,1956,4,6,78028,158,19,313,0,38,6,9,6,1
884,1962,2,2,63887,897,23,222,11,92,9,12,5,1
885,1965,4,5,32727,167,13,266,13,70,7,5,1,0
886,1985,2,5,29103,16,0,23,3,6,1,3,6,1
887,1965,2,3,61482,48,58,84,66,43,3,6,5,0
888,1970,2,4,20587,2,3,10,1,9,1,2,1,1
890,1976,4,5,52190,42,0,17,0,18,2,3,5,2
891,1974,2,5,48186,97,3,78,7,34,4,4,6,1
892,1968,2,3,19329,24,1,28,2,5,4,3,1,1
893,1971,3,3,34109,9,1,7,1,4,0,3,0,1
894,1986,2,3,23477,38,15,57,8,29,3,4,6,1
895,1966,4,5,47472,56,0,11,0,8,2,4,6,2
896,1976,4,2,14849,21,2,31,2,9,2,4,6,1
897,1978,0,3,26224,4,7,28,9,15,2,3,6,1
898,1962,4,4,27238,37,0,17,0,3,3,3,6,2
899,1970,3,5,0,187,5,91,20,14,4,6,7,1
900,1962,2,4,57967,229,7,141,0,91,4,8,3,1
901,1949,4,6,51569,380,0,53,0,34,7,7,6,1
902,1954,4,3,72550,826,50,367,38,38,5,12,0,2
903,1970,3,3,44511,513,7,179,14,14,8,8,0,1
904,1955,0,3,62972,313,15,67,0,192,7,3,6,1
906,1989,4,5,77845,760,40,480,40,26,3,12,7,0
907,1975,4,3,36663,18,0,9,3,5,1,3,5,1
908,1976,3,3,53204,29,0,10,0,6,1,3,2,2
909,1982,3,3,21059,8,3,22,3,8,3,3,6,1
910,1953,3,3,67087,329,35,352,35,43,7,8,0,1
911,1953,2,4,73892,703,102,601,58,43,3,8,1,0
912,1992,2,5,75114,571,12,586,60,24,3,5,5,0
913,1948,2,3,42192,40,15,32,6,7,2,3,0,0
914,1960,2,3,31454,28,0,11,0,9,2,3,6,2
915,1978,2,5,22775,5,1,8,0,1,1,2,5,1
916,1978,2,5,22775,5,1,8,0,1,1,2,3,1
917,1972,2,5,31590,6,2,21,6,3,1,3,1,1
918,1972,2,3,80134,1218,16,376,0,80,5,6,5,1
919,1972,2,3,80134,1218,16,376,0,80,5,6,0,1
920,1972,1,3,14188,2,7,27,12,27,2,4,2,0
921,1985,4,3,18169,9,0,5,0,7,1,2,6,1
922,1956,2,3,62503,478,0,303,75,117,8,11,6,1
923,1954,2,3,46734,110,5,163,23,29,6,5,6,1
924,1991,4,4,68126,1332,17,334,51,86,7,5,1,0
925,1954,4,3,52869,84,3,63,1,21,3,4,5,2
926,1986,2,4,26576,10,0,8,0,9,1,2,6,1
927,1976,2,4,75825,1032,105,916,105,51,5,9,2,0
928,1950,2,3,57045,296,13,115,13,17,4,9,0,1
929,1975,0,5,34984,8,4,18,5,3,1,3,6,2
930,1973,2,3,27803,8,26,84,9,49,3,4,0,1
931,1975,4,3,69283,674,62,134,26,8,7,13,3,1
932,1992,1,4,18746,2,10,23,9,20,3,3,6,1
933,1965,0,3,70924,635,114,386,152,76,6,7,6,0
935,1973,0,5,69401,399,27,217,8,39,4,5,2,1
936,1976,3,2,75012,294,142,382,58,151,3,11,0,0
937,1978,3,5,85738,913,26,393,26,13,3,11,6,0
938,1975,2,5,60934,224,155,347,93,54,6,11,1,1
939,1986,3,3,27161,7,4,30,0,11,1,3,5,1
940,1961,4,2,64325,731,60,431,12,73,10,5,6,1
941,1973,1,3,18978,2,8,5,7,15,1,3,6,1
942,1977,2,3,41124,281,7,99,0,119,7,4,6,1
943,1984,4,4,39684,19,0,41,4,17,2,2,6,1
944,1963,4,3,53378,489,6,160,6,132,9,6,6,2
945,1982,2,3,37040,86,2,142,38,48,4,5,7,0
946,1977,3,3,78710,721,0,271,50,50,7,12,6,1
947,1986,2,3,92910,551,137,971,103,33,6,13,6,0
948,1976,2,5,36283,6,5,13,0,5,1,3,1,2
949,1974,4,5,79632,471,0,609,21,12,6,9,5,0
950,1978,2,5,28587,22,4,29,10,13,2,4,6,1
951,1981,2,5,88325,519,71,953,27,53,6,9,3,0
952,1958,3,3,51412,140,3,33,5,14,3,4,6,1
953,1952,0,2,63998,176,29,818,33,112,7,11,6,0
954,1978,0,4,38593,51,12,66,24,24,4,3,6,1
955,1977,3,3,27889,14,0,4,0,8,1,2,0,1
956,1980,0,4,45889,31,0,6,1,8,1,3,1,1
957,1967,4,5,56575,421,5,90,16,10,7,7,1,2
958,1979,1,4,16014,3,9,11,8,7,1,4,6,2
959,1958,3,1,61331,534,5,47,5,41,11,6,1,2
960,1976,3,4,70893,768,44,638,44,14,6,10,6,0
961,1979,2,3,2447,1,1,1726,1,1,0,0,7,1
962,1957,2,4,64849,652,48,444,84,108,9,6,6,0
963,1989,2,3,42387,235,0,254,4,191,8,7,6,1
964,1995,0,4,80617,594,51,703,55,32,4,8,3,0
965,1985,2,5,54006,174,77,209,24,97,8,7,6,1
966,1978,2,5,16531,2,13,13,5,11,3,3,1,1
967,1966,4,5,30843,24,0,2,0,9,1,2,3,2
968,1984,4,3,18988,6,0,8,1,1,1,3,0,1
969,1965,4,3,81051,1142,29,287,29,14,5,12,6,0
970,1988,2,4,39747,80,15,113,13,52,5,4,5,1
971,1959,4,4,34554,41,1,8,0,5,2,3,1,1
972,1959,4,3,52854,105,0,10,1,0,2,4,5,2
973,1970,2,5,81205,724,74,1026,55,130,5,7,3,0
974,1970,4,3,69084,1181,107,238,30,30,7,13,6,1
976,1974,4,3,65352,284,3,88,7,23,4,8,5,1
977,1972,2,3,22063,7,10,16,11,11,2,3,1,1
978,1979,2,4,47691,14,0,3,0,4,1,2,6,1
979,1968,4,3,29187,26,0,6,0,2,1,3,6,1
980,1972,2,4,72504,604,26,593,161,94,5,6,1,1
981,1970,2,2,33986,16,2,20,1,5,1,3,6,1
982,1986,3,5,42386,65,4,16,4,11,3,3,5,1
983,1986,3,5,42386,65,4,16,4,11,3,3,3,1
984,1953,4,2,36957,100,2,18,1,31,3,2,0,2
985,1988,1,5,13724,2,7,7,15,27,2,2,5,1
986,1967,2,3,42664,21,0,3,0,0,1,3,6,1
987,1958,4,5,37334,26,1,18,2,15,3,4,6,2
988,1951,0,3,78497,207,26,522,0,223,5,12,1,0
989,1951,0,3,78497,207,26,522,0,223,5,12,3,0
990,1956,0,5,58821,513,14,173,0,28,9,9,5,1
991,1953,2,5,58398,299,5,222,21,49,5,8,0,0
992,1961,3,3,80950,525,147,331,147,63,6,9,5,0
993,1980,4,3,30732,155,1,25,1,3,4,4,5,1
994,1966,0,4,89572,606,24,1171,194,64,7,9,6,0
995,1968,2,4,57107,159,0,120,0,137,4,8,6,1
996,1970,2,4,76467,676,161,636,44,58,2,5,7,1
997,1957,2,4,0,7,0,10,0,1,1,2,2,2
998,1948,2,5,51315,68,28,55,30,41,2,5,0,0
999,1966,2,4,43602,19,5,22,3,19,3,2,5,2
1000,1978,2,4,38643,22,2,14,1,10,2,3,6,2
1001,1951,2,4,49090,494,5,89,0,100,7,9,6,1
1002,1970,2,3,70617,353,61,793,46,27,3,7,6,0
1003,1970,4,3,67536,1253,0,470,71,35,11,11,5,1
1004,1975,2,3,27573,50,15,149,15,15,5,4,6,1
1005,1979,0,2,13533,12,3,16,0,17,2,3,6,1
1006,1953,2,3,50725,443,10,75,10,48,8,8,1,1
1007,1978,2,5,25851,9,4,25,5,5,2,3,0,1
1008,1978,2,3,57113,182,4,33,2,42,4,5,6,2
1009,1945,3,5,62847,521,168,786,76,61,3,4,1,0
1010,1982,2,4,68627,395,15,323,54,38,2,6,5,0
1011,1983,2,3,25271,10,1,28,4,7,1,2,3,1
1012,1966,2,4,63810,977,12,269,12,101,4,12,6,1
1013,1966,2,4,63810,977,12,269,12,101,4,12,2,1
1014,1958,4,5,65488,603,45,243,18,54,3,6,6,0
1015,1955,3,4,36927,51,0,16,0,4,3,3,7,2
1016,1977,2,3,22108,5,3,15,2,6,2,3,6,2
1017,1949,2,3,72025,967,0,660,50,0,4,13,0,0
1018,1975,2,3,33183,7,5,56,15,37,4,3,6,1
1019,1982,3,5,23661,18,0,4,0,1,1,3,5,1
1020,1977,0,5,25315,1,9,19,3,22,3,3,6,1
1021,1961,2,4,45938,273,11,240,83,29,8,6,7,0
1022,1988,2,4,66951,277,162,478,76,124,3,7,3,0
1023,1979,2,5,77298,425,115,315,35,79,6,11,1,1
1024,1979,2,5,77298,425,115,315,35,79,6,11,6,1
1025,1974,3,5,43018,35,4,24,6,64,2,2,2,1
1026,1969,2,3,75759,1394,22,797,91,182,9,9,5,0
1027,1989,4,4,33996,40,2,23,0,6,1,3,6,0
1028,1989,4,4,33996,40,2,23,0,6,1,3,5,0
1029,1970,2,2,54137,171,0,11,1,20,4,4,5,1
1030,1967,2,3,61223,709,43,224,118,247,9,4,5,1
1031,1968,4,2,69674,554,41,226,0,24,10,10,5,2
1032,1972,3,4,49494,191,9,97,6,82,6,5,1,1
1033,1962,2,5,51195,230,14,238,24,58,9,5,5,2
1034,1975,0,3,37284,11,1,4,1,6,0,3,3,2
1035,1975,0,3,37284,11,1,4,1,6,0,3,6,2
1036,1978,2,5,42011,131,0,18,1,39,3,4,5,1
1037,1954,2,2,70044,1073,0,403,14,14,7,5,6,1
1038,1972,2,5,46053,56,10,111,7,25,3,4,2,1
1039,1981,1,3,24480,4,19,37,25,17,3,4,5,1
1040,1977,2,3,54233,652,8,179,0,142,11,5,6,1
1041,1954,2,4,36130,157,43,195,56,37,3,4,6,1
1042,1975,4,5,56559,226,22,174,31,31,4,8,6,1
1043,1992,3,4,92859,962,61,973,61,20,5,12,1,0
1044,1980,2,5,44010,186,36,320,72,48,10,6,5,1
1045,1963,2,3,80124,483,84,603,84,241,3,8,5,0
1046,1963,2,3,80124,483,84,603,84,241,3,8,6,0
1047,1980,2,3,50183,97,12,97,10,15,3,6,5,2
1048,1971,2,3,64722,303,0,340,147,15,8,11,6,1
1049,1976,4,5,37395,18,0,9,1,11,1,3,6,1
1050,1968,3,3,29543,17,3,21,4,18,3,2,6,2
1051,1968,2,3,19514,14,3,23,1,28,3,2,6,2
1053,1975,2,5,59481,178,3,156,66,58,3,8,6,1
1054,1947,3,4,91712,1276,24,840,29,48,9,11,6,0
1055,1975,2,5,80144,240,132,695,192,108,3,8,0,0
1056,1972,4,3,59973,130,30,188,34,0,3,7,6,0
1057,1974,4,4,68352,614,16,175,33,33,8,9,1,1
1058,1975,3,4,81169,1288,20,693,61,27,5,9,6,0
1059,1975,2,3,61456,563,76,468,192,89,6,13,6,1
1060,1966,1,5,22634,2,23,19,6,46,2,2,6,0
1061,1966,1,5,22634,2,23,19,6,46,2,2,0,0
1062,1975,2,3,23957,2,1,38,11,16,2,3,1,1
1063,1973,2,3,33471,43,2,27,9,12,3,4,5,1
1064,1950,4,5,52157,189,2,32,2,40,3,5,6,1
1065,1985,4,4,30298,6,3,18,1,0,1,3,6,0
1066,1950,4,6,56551,67,4,49,2,16,2,4,5,2
1067,1950,4,6,56551,67,4,49,2,16,2,4,6,2
1068,1957,3,0,65487,240,67,699,0,163,3,6,1,0
1069,1957,3,5,65487,240,67,699,0,163,3,6,1,0
1070,1952,2,4,44213,95,11,35,4,7,2,5,6,2
1071,1974,4,3,40344,210,0,6,0,2,4,5,6,1
1072,1978,2,5,57867,344,35,193,23,17,7,9,1,1
1073,1973,2,3,25410,2,2,17,13,4,1,4,6,1
1074,1970,2,3,13260,9,4,27,2,7,3,3,6,2
1075,1991,2,3,42691,179,2,102,17,58,5,6,6,0
1076,1970,3,3,36138,130,0,16,0,5,3,4,2,2
1077,1972,3,3,57136,306,5,130,109,92,5,10,1,2
1078,1955,2,6,58275,189,10,309,43,64,8,7,2,2
1079,1957,4,2,54237,267,3,34,0,57,5,5,5,1
1080,1974,4,3,34596,14,0,2,0,7,1,2,5,1
1081,1974,4,3,34596,14,0,2,0,7,1,2,2,1
1082,1961,3,5,74881,505,72,306,27,54,9,12,3,2
1083,1961,3,5,74881,505,72,306,27,54,9,12,6,2
1084,1970,2,2,44267,183,5,68,5,49,5,4,6,2
1085,1988,2,3,68487,758,12,418,89,89,9,13,1,0
1086,1988,2,3,68487,758,12,418,89,89,9,13,0,0
1087,1959,2,4,80982,505,137,505,22,22,11,11,6,2
1088,1980,2,5,69508,824,32,204,32,43,11,11,5,1
1089,1961,4,5,63342,918,21,131,10,21,8,5,5,1
1090,1961,4,5,63342,918,21,131,10,21,8,5,6,1
1091,1961,2,4,82014,980,37,300,163,31,3,12,5,0
1092,1959,2,6,76320,526,35,283,53,35,6,4,7,1
1093,1954,2,2,64587,66,0,16,6,20,1,4,6,2
1094,1975,2,3,74190,151,81,254,91,64,4,11,6,1
1095,1979,3,3,32765,13,3,24,3,3,2,4,6,1
1096,1964,0,4,0,5,1,11,0,4,1,2,0,2
1097,1975,0,3,22212,5,9,26,8,21,2,4,5,1
1098,1989,2,4,18358,6,8,35,4,4,3,4,6,1
1099,1974,2,3,26067,22,2,18,2,12,3,3,1,1
1100,1969,1,5,22390,0,1,19,1,5,1,2,0,0
1101,1978,2,5,70440,690,117,575,102,88,5,7,6,0
1102,1978,2,4,60199,8,1,9,0,0,0,3,1,3
1103,1981,2,5,38547,6,1,10,1,4,1,2,1,1
1104,1980,2,3,19107,2,4,19,5,16,1,3,1,1
1105,1985,4,4,37929,202,2,49,2,10,4,5,6,0
1106,1950,2,4,16813,4,8,23,2,13,2,3,1,0
1107,1957,2,3,62187,792,0,320,45,126,4,5,6,0
1108,1966,2,5,57811,545,7,151,21,78,7,11,6,1
1109,1956,3,5,50943,31,0,9,0,6,1,3,6,1
1111,1975,2,4,53201,280,7,101,0,27,6,5,6,2
1112,1963,2,5,54414,109,18,40,26,18,3,5,5,2
1113,1972,2,5,26290,15,8,27,5,22,2,4,1,2
1114,1959,2,2,61250,382,138,125,26,59,5,12,6,1
1115,1947,1,5,28389,1,5,10,4,8,1,2,6,0
1116,1965,3,4,55250,664,58,115,0,66,7,10,0,1
1117,1966,2,5,37758,27,2,10,0,1,1,3,3,2
1118,1966,2,5,37758,27,2,10,0,1,1,3,6,2
1119,1957,4,3,37633,13,4,20,0,1,1,3,6,2
1120,1963,4,5,33629,132,0,16,0,4,3,4,6,2
1121,1967,4,3,36947,88,3,25,1,29,3,4,0,2
1122,1952,2,2,69142,448,4,40,4,39,8,7,3,1
1123,1959,2,3,53154,129,0,21,1,7,3,4,7,1
1124,1960,4,3,65695,371,32,189,58,6,5,10,6,1
1125,1952,4,5,69805,750,71,187,10,20,6,11,2,1
1126,1978,0,4,36975,10,6,11,4,2,1,3,6,1
1127,1973,2,3,26228,2,6,7,1,9,1,2,6,1
1128,1972,3,3,37787,40,1,44,3,18,3,3,3,1
1129,1974,4,3,37087,194,55,149,0,3,4,8,5,1
1130,1952,0,5,57247,99,4,69,54,6,2,7,6,1
1131,1954,4,3,36930,223,2,31,2,39,5,4,6,1
1132,1963,3,2,48721,81,18,160,13,21,4,5,5,2
1133,1969,3,3,43641,57,2,55,2,23,2,4,6,2
1134,1951,2,3,75903,340,108,315,38,100,6,9,6,1
1135,1956,2,3,71391,336,123,320,123,141,6,12,1,1
1136,1976,4,3,16927,20,2,26,1,4,3,4,5,2
1137,1961,2,2,27215,30,5,30,9,28,2,4,5,3
1138,1976,2,3,53858,407,53,279,150,26,4,6,6,1
1139,1963,2,4,30983,51,4,62,1,49,4,3,3,0
1140,1952,2,5,43462,90,17,112,6,15,4,5,6,2
1141,1956,2,3,63943,423,184,381,97,21,6,6,3,1
1142,1986,2,4,26816,5,1,9,4,3,0,3,3,0
1143,1976,0,5,75484,378,97,456,194,34,7,6,1,1
1144,1966,3,5,33564,61,0,3,0,7,1,3,6,1
1145,1953,3,3,54348,70,0,16,0,4,2,4,1,2
1146,1959,2,3,54984,173,13,163,3,6,6,6,6,1
1147,1984,2,4,34738,3,2,13,0,2,1,3,6,1
1148,1963,2,2,68118,595,23,133,23,154,8,4,7,1
1149,1963,2,2,68118,595,23,133,23,154,8,4,6,1
1150,1973,2,5,22682,10,14,33,2,36,2,4,0,1
1151,1975,2,3,51948,82,33,125,30,41,5,4,6,1
1152,1969,2,3,25293,15,0,11,2,9,1,2,6,1
1153,1969,2,3,25293,15,0,11,2,9,1,2,0,1
1154,1964,4,3,41551,220,0,36,0,23,5,5,1,2
1155,1962,4,5,56067,517,12,70,6,120,7,7,5,1
1156,1952,2,3,67433,615,28,271,48,30,6,13,6,2
1157,1983,2,5,22010,11,2,12,0,8,2,3,6,1
1158,1952,0,4,64831,480,86,324,86,144,6,5,5,2
1159,1954,2,3,62820,398,61,403,61,53,3,6,5,0
1160,1954,2,3,62820,398,61,403,61,53,3,6,6,0
1161,1959,0,2,78353,752,122,515,153,34,10,11,1,1
1162,1966,3,3,57183,464,5,71,0,70,9,7,6,2
1163,1965,2,4,23478,28,6,39,17,39,3,3,7,0
1164,1978,2,4,30168,154,20,66,12,27,6,4,6,1
1165,1989,2,3,37155,23,0,33,15,3,2,4,6,1
1166,1985,1,4,16581,1,3,6,3,11,0,3,6,0
1167,1980,2,3,41850,53,5,21,13,4,3,3,7,2
1168,1967,3,2,81380,741,68,913,68,103,4,10,1,0
1169,1981,2,5,56386,230,48,227,32,75,9,7,5,2
1170,1971,2,2,25818,5,2,10,2,9,0,2,2,1
1171,1984,2,5,15345,5,2,19,2,19,1,2,6,1
1172,1977,3,5,57954,456,4,24,0,9,8,6,6,2
1173,1952,2,3,50300,143,15,84,23,5,2,8,6,1
1174,1955,4,3,38725,31,0,8,1,5,1,4,6,2
1175,1989,0,5,10404,2,2,21,6,12,1,4,6,1
1176,1991,1,4,26868,0,0,9,3,2,1,2,5,1
1177,1949,2,6,72298,625,35,227,17,35,4,6,6,0
1178,1958,2,3,72905,407,114,626,165,203,3,9,6,0
1179,1976,2,4,47025,254,7,128,0,26,6,5,7,1
1180,1985,2,4,29938,3,3,7,2,11,1,3,5,1
1181,1948,4,5,46681,269,15,84,19,38,4,4,6,2
1182,1948,4,5,46681,269,15,84,19,38,4,4,5,2
1183,1970,3,4,29548,7,1,9,1,11,1,2,6,1
1184,1956,3,3,62058,301,7,84,0,58,6,7,2,1
1185,1969,3,5,0,375,42,142,66,96,4,4,0,2
1186,1963,4,4,36736,10,0,3,0,4,1,2,6,2
1187,1952,3,4,8820,12,0,17,2,4,3,3,1,2
1188,1963,1,5,14918,3,3,18,4,15,1,3,3,1
1189,1974,2,5,56715,258,105,476,172,9,7,4,6,0
1190,1978,1,5,24882,1,4,39,0,36,1,2,3,1
1191,1978,1,5,24882,1,4,39,0,36,1,2,6,1
1192,1952,3,5,40442,45,12,77,22,13,3,4,5,2
1193,1965,0,2,64176,1215,33,313,116,149,8,8,6,1
1194,1983,4,3,23536,6,0,3,0,1,0,3,6,1
1195,1958,2,2,35246,36,0,14,2,10,3,3,5,2
1196,1978,2,3,28442,19,3,21,8,6,2,4,6,2
1197,1956,2,3,48195,106,27,120,7,5,4,5,6,2
1198,1982,0,4,74116,871,111,849,55,166,4,10,5,0
1199,1947,3,5,78093,368,32,652,43,10,4,5,5,0
1200,1952,3,2,59354,233,2,56,5,14,6,5,7,2
1201,1976,0,5,36301,11,12,38,5,12,3,3,5,1
1202,1943,3,4,77598,1193,33,410,66,33,7,13,6,0
1203,1972,2,3,62710,441,35,90,29,11,4,12,6,1
1204,1965,2,5,36317,87,3,28,2,13,3,4,6,1
1205,1971,4,4,42767,20,6,62,5,38,3,2,5,2
1206,1982,3,3,43815,14,10,33,7,15,2,3,6,1
1207,1971,2,2,44421,110,5,66,1,7,5,4,6,2
1208,1943,4,2,48948,437,8,366,49,42,7,5,0,0
1209,1943,4,2,48948,437,8,366,49,42,7,5,5,0
1210,1950,3,2,63120,965,69,333,41,69,8,9,6,1
1211,1950,4,3,55517,483,0,108,6,36,11,6,5,2
1212,1957,2,4,36864,204,5,56,0,89,5,4,0,1
1213,1978,0,5,0,32,2,1619,4,22,0,1,3,0
1214,1977,2,2,82582,510,120,706,40,241,4,7,0,0
1215,1958,2,2,79803,574,8,237,16,33,4,5,6,1
1216,1967,4,4,52569,85,0,3,0,7,2,4,5,1
1217,1948,4,6,82032,332,194,526,125,57,4,7,3,0
1219,1972,2,3,65685,642,14,49,7,57,9,9,1,1
1220,1972,2,3,65685,642,14,49,7,57,9,9,0,1
1221,1957,4,5,40451,35,0,4,0,10,1,2,6,2
1222,1973,0,2,31163,2,3,21,2,10,1,3,2,1
1223,1973,0,2,31163,2,3,21,2,10,1,3,1,1
1224,1952,2,3,35704,30,9,14,11,30,2,4,5,2
1225,1973,2,4,7500,5,3,22,7,20,3,3,5,1
1226,1983,2,5,36075,46,0,42,1,30,2,4,6,1
1227,1982,4,5,70038,587,54,419,54,130,4,8,2,0
1228,1982,4,5,70038,587,54,419,54,130,4,8,0,0
1229,1971,2,5,71796,354,21,478,75,32,9,4,5,0
1230,1967,0,5,47821,9,0,22,6,10,1,3,6,2
1231,1975,4,3,45503,97,4,50,1,18,3,4,6,1
1232,1978,2,4,28647,19,8,29,12,26,2,2,6,1
1233,1972,3,2,37760,26,3,15,10,0,2,3,6,1
1234,1952,4,5,85431,376,53,630,53,53,2,7,6,0
1235,1955,0,3,72635,390,22,427,35,107,6,6,6,0
1237,1948,2,3,77142,476,75,191,151,97,4,8,6,0
1238,1978,2,5,53172,121,62,158,20,125,2,8,3,1
1239,1968,2,4,36065,18,7,44,2,3,3,3,6,2
1240,1973,2,5,73926,627,91,756,91,15,6,12,1,0
1241,1977,2,4,35790,12,6,50,1,3,2,3,0,1
1242,1962,2,2,39552,165,3,151,24,41,6,5,6,2
1243,1964,0,5,68316,806,80,281,11,33,10,10,6,1
1244,1977,4,5,102160,763,29,214,176,58,7,10,5,0
1245,1965,3,6,51390,205,20,70,2,56,5,5,5,2
1246,1981,2,4,72066,1003,34,670,51,34,4,6,5,0
1247,1976,2,5,21675,4,0,33,4,4,4,3,3,1
1248,1965,2,3,48006,23,0,14,2,2,1,3,6,2
1249,1975,2,3,65106,790,19,145,0,19,8,13,6,1
1250,1960,2,2,58401,10,0,28,29,29,1,2,6,1
1251,1960,2,3,29315,13,2,22,7,4,2,4,5,2
1252,1951,3,4,49389,40,0,21,1,3,2,3,0,2
1253,1965,4,5,51717,98,1,17,1,5,3,4,5,1
1254,1960,0,6,46779,12,1,3,0,7,0,2,5,2
1255,1960,3,3,28520,11,0,10,2,20,1,2,6,2
1256,1963,2,4,34377,62,0,25,1,26,2,2,6,1
1257,1961,4,2,54959,1148,0,60,0,24,9,4,6,1
1258,1955,3,5,82384,984,51,612,120,190,3,13,0,0
1259,1956,2,4,46998,172,41,131,6,27,5,5,6,1
1260,1968,2,5,58554,368,24,106,0,88,8,6,7,2
1261,1968,2,5,58554,368,24,106,0,88,8,6,3,2
1262,1954,4,2,57333,941,14,473,58,176,8,9,6,1
1263,1994,2,5,80685,241,45,638,26,54,6,10,6,0
1264,1965,2,5,52117,112,10,137,0,20,5,4,6,1
1265,1972,4,5,62220,799,12,391,12,12,7,5,2,1
1266,1946,4,5,64014,406,0,30,0,8,8,5,1,3
1267,1946,4,5,64014,406,0,30,0,8,8,5,5,3
1268,1955,3,2,46390,95,14,66,9,38,4,3,7,1
1269,1979,2,5,75507,709,93,478,80,80,8,6,2,0
1270,1979,2,5,75507,709,93,478,80,80,8,6,0,0
1271,1951,3,3,59412,90,67,195,43,11,4,8,6,0
1272,1968,4,2,50616,128,0,16,1,4,4,4,6,1
1273,1969,3,5,35924,8,0,16,3,7,1,3,5,2
1274,1982,0,3,57937,261,42,199,48,133,4,9,5,1
1275,1984,4,3,73356,1050,14,322,14,112,5,5,6,0
1276,1974,3,5,21255,29,0,27,2,3,2,4,6,1
1277,1974,3,3,58494,298,7,72,0,19,6,6,5,1
1278,1969,2,3,72460,377,10,620,30,10,3,7,5,0
1279,1991,4,5,68682,919,0,604,30,45,4,10,6,0
1281,1981,3,3,36959,25,6,31,0,0,2,3,6,1
1282,1971,4,3,46463,163,2,48,11,11,3,6,6,2
1283,1979,2,4,61825,162,50,155,30,27,4,8,6,1
1285,1989,2,3,28691,5,4,21,0,4,1,3,6,1
1287,1976,2,5,54058,198,18,284,108,54,4,8,6,1
1288,1975,2,4,84196,215,63,738,31,190,8,7,6,1
1289,1963,3,5,38620,112,17,78,22,89,2,3,0,0
1290,1963,3,5,38620,112,17,78,22,89,2,3,2,0
1291,1973,2,4,3502,2,1,1,0,1,0,0,3,1
1292,1957,2,3,47743,198,2,43,12,20,4,6,6,1
1293,1949,4,3,80360,1493,86,566,43,43,4,5,6,0
1294,1971,2,3,66303,1090,12,112,12,60,3,11,6,1
1295,1969,2,3,52413,295,106,346,98,65,6,12,1,2
1296,1956,2,4,60714,216,162,325,92,162,7,10,5,0
1297,1984,3,4,31385,3,2,12,1,9,1,2,6,1
1298,1995,0,4,83257,536,27,628,107,67,5,12,6,0
1299,1975,4,3,80427,1149,71,518,71,26,11,8,3,1
1300,1949,2,5,38823,70,0,13,8,23,2,3,6,1
1301,1977,2,3,42014,244,15,112,15,50,7,6,1,1
1302,1977,2,3,42014,244,15,112,15,50,7,6,5,1
1303,1948,4,5,76140,586,66,670,0,26,5,6,6,0
1304,1964,0,2,41713,77,8,54,10,25,3,4,1,2
1305,1954,4,3,62670,539,30,172,46,38,5,13,5,1
1306,1972,0,3,70932,200,193,146,185,185,6,12,6,1
1307,1951,4,3,78939,794,115,393,0,205,8,6,2,0
1308,1960,2,5,44512,23,1,6,0,2,1,3,5,2
1309,1968,2,3,63967,387,84,214,35,162,4,12,6,1
1310,1948,2,4,90842,774,70,300,187,93,4,13,6,0
1311,1947,4,6,25358,19,0,5,0,8,1,3,5,1
1312,1982,2,4,0,11,3,24,2,6,2,3,0,1
1313,1982,2,4,28567,11,3,24,2,6,2,3,6,1
1314,1978,2,3,66373,328,9,136,24,109,4,10,0,2
1316,1952,2,5,83844,901,31,420,31,191,4,11,2,0
1317,1952,2,5,83844,901,31,420,31,191,4,11,6,0
1318,1952,2,5,83844,901,31,420,31,191,4,11,1,0
1319,1968,4,2,83664,866,21,179,21,86,2,12,6,2
1320,1951,3,3,27450,37,12,31,11,52,2,3,6,0
1321,1978,4,4,54880,308,85,239,45,118,6,11,6,1
1322,1965,4,3,71322,753,43,295,10,204,8,13,6,1
1323,1976,4,4,60000,1048,0,217,0,12,11,5,6,1
1324,1969,3,5,65176,960,28,403,70,70,9,6,5,1
1325,1952,4,5,61010,888,0,57,0,76,8,11,1,1
1326,1981,2,5,31089,31,3,33,8,4,3,4,6,1
1327,1988,2,4,20518,4,1,10,1,9,1,2,6,1
1328,1948,4,3,34469,19,6,20,5,12,1,4,5,2
1329,1952,2,3,28332,14,10,17,15,9,2,4,2,0
1330,1965,2,5,33456,7,3,18,1,7,1,3,3,2
1331,1968,4,3,38443,32,0,5,0,1,1,3,6,2
1332,1973,2,4,65333,654,7,92,15,30,9,8,1,1
1333,1952,2,2,82623,204,34,376,153,173,2,4,6,0
1334,1971,2,3,73691,707,21,335,43,73,6,8,6,1
1335,1947,2,5,74485,499,149,988,49,49,6,12,6,0
1336,1955,2,5,65748,172,73,188,78,34,2,10,6,1
1337,1982,1,4,24367,2,4,2,11,5,1,2,6,1
1338,1971,2,4,91700,576,172,1086,115,19,8,5,6,0
1339,1993,2,0,79244,471,102,337,61,245,4,7,0,0
1340,1957,4,3,82017,184,23,476,23,23,5,7,1,0
1341,1957,2,4,58138,635,88,718,88,88,8,4,7,0
1342,1953,3,3,59354,295,21,117,13,13,4,7,1,2
1343,1955,4,3,58482,576,7,134,7,7,7,9,1,1
1344,1976,2,5,29478,8,0,10,1,1,1,3,6,1
1345,1972,2,5,64474,381,35,228,86,93,8,10,6,1
1346,1975,3,4,31160,16,3,31,1,13,2,3,5,1
1347,1972,2,3,40321,44,4,27,0,27,3,3,6,2
1349,1971,2,4,55239,371,17,261,24,106,7,11,5,1
1350,1943,4,6,57513,735,40,235,20,30,9,13,6,0
1351,1979,2,5,85693,386,172,368,132,111,9,11,1,1
1352,1977,2,3,71855,548,31,422,112,28,5,11,5,1
1353,1976,1,3,7500,6,16,22,1,16,2,3,7,0
1354,1971,4,3,71969,1000,0,76,0,10,3,9,3,1
1355,1977,4,3,28973,206,0,49,2,12,5,5,6,0
1356,1951,2,4,80872,483,72,661,12,108,4,10,6,0
1357,1956,4,3,84117,611,76,808,45,26,7,6,1,0
1358,1958,0,4,38741,7,10,25,6,13,2,3,2,2
1359,1973,3,3,38961,19,7,19,1,24,2,2,6,1
1360,1968,2,4,75922,265,138,777,23,92,4,9,5,0
1361,1965,3,3,56962,292,3,87,3,26,6,5,0,3
1362,1965,3,3,56962,292,3,87,3,26,6,5,5,3
1363,1949,2,6,70165,161,0,452,191,122,3,11,6,0
1364,1973,2,3,65308,713,0,384,80,34,7,12,7,0
1365,1951,3,5,29298,6,0,4,0,1,1,2,6,2
1366,1967,4,3,63246,593,30,120,22,7,6,12,6,2
1367,1952,2,5,33402,26,2,29,5,8,2,3,2,2
1368,1990,2,4,96843,448,71,991,17,17,6,10,6,0
1369,1986,4,3,82333,1311,0,405,89,17,4,10,2,0
1370,1949,2,6,72643,526,80,676,94,53,3,7,6,0
1371,1982,4,5,32313,86,4,58,4,7,4,4,6,1
1372,1956,3,4,55284,547,7,140,7,63,7,8,3,1
1373,1979,2,2,15287,1,2,12,3,13,1,2,5,1
1374,1979,2,2,15287,1,2,12,3,13,1,2,6,1
1375,1987,4,3,51563,1166,0,48,0,36,4,10,5,0
1376,1976,3,3,81929,1486,55,327,0,185,4,10,0,1
1377,1953,4,5,53593,349,4,84,0,43,7,6,0,2
1378,1973,3,3,60432,365,3,19,3,11,7,5,5,1
1379,1957,3,3,66726,349,7,35,0,47,8,4,6,2
1380,1959,2,4,62450,515,47,329,66,38,5,4,3,1
1381,1975,0,4,49514,88,39,136,13,93,6,4,3,1
1382,1972,4,3,43269,10,1,7,0,1,1,2,2,1
1383,1959,4,3,33762,53,1,36,0,16,2,2,1,3
1384,1966,2,5,60894,606,7,165,0,54,10,8,6,1
1385,1959,2,5,87771,1492,38,337,57,33,5,4,6,1
1386,1959,2,5,87771,1492,38,337,57,33,5,4,1,1
1387,1955,2,3,50737,78,0,11,0,10,2,4,6,1
1388,1956,2,2,26150,5,1,16,5,1,1,3,6,3
1389,1951,2,3,57304,356,80,467,17,106,7,10,6,1
1390,1951,2,3,71107,533,10,415,174,195,7,13,6,1
1391,1975,3,5,53253,216,9,77,9,125,4,5,1,2
1392,1958,2,3,81320,183,33,552,103,57,4,10,5,0
1393,1992,0,3,87000,196,25,674,17,49,4,7,0,0
1394,1974,2,3,40049,91,65,62,44,28,3,6,3,1
1395,1970,2,3,63684,575,80,636,93,80,8,8,6,1
1396,1970,2,3,69016,726,53,486,107,161,8,13,6,1
1397,1979,2,3,7500,5,2,6,0,5,1,2,6,1
1398,1957,2,3,73803,833,80,415,26,174,9,6,1,1
1399,1973,0,3,46094,12,2,23,2,5,1,3,6,2
1400,1973,4,3,85844,938,19,868,95,38,6,7,6,0
1401,1955,3,3,38452,56,0,14,0,2,3,3,6,2
1403,1955,2,3,80395,445,25,786,76,48,6,12,0,0
1404,1988,2,5,87679,1259,172,912,148,33,7,10,1,0
1405,1949,3,2,35416,248,3,85,3,51,7,5,5,0
1406,1946,4,5,44124,284,0,55,6,52,6,5,6,1
1407,1958,4,4,50729,239,13,188,4,52,6,7,5,2
1408,1953,2,5,94384,1111,24,950,45,172,5,5,5,0
1409,1953,2,5,94384,1111,24,950,45,172,5,5,6,0
1410,1990,2,4,34412,52,12,54,36,55,5,3,0,1
1411,1985,2,3,31158,25,6,36,0,5,2,3,6,1
1412,1951,2,3,34838,28,23,58,14,47,2,4,1,2
1413,1979,2,3,56775,614,35,218,35,35,5,10,6,1
1414,1949,4,6,54356,710,15,50,0,0,11,8,6,1
1415,1978,4,3,72159,322,53,933,40,53,4,10,6,0
1416,1991,2,4,8028,73,18,73,12,2,0,0,6,0
1417,1952,3,5,55951,1241,0,80,13,40,3,11,5,1
1418,1949,4,5,67911,529,0,419,28,0,6,11,6,1
1419,1949,4,5,67911,529,0,419,28,0,6,11,2,1
1420,1973,4,5,20427,5,0,4,0,1,1,2,6,1
1421,1970,4,4,32303,35,0,2,0,2,1,4,3,1
1422,1968,4,3,55954,447,0,28,0,43,8,6,0,1
1423,1976,4,5,49187,81,1,33,1,0,1,5,6,1
1424,1972,3,5,49854,123,17,210,0,30,6,5,1,1
1425,1978,2,2,63693,587,43,379,87,54,11,9,5,1
1427,1985,3,3,19510,9,0,10,4,7,1,3,1,2
1428,1959,2,2,52332,212,5,40,0,2,3,6,3,0
1429,1973,2,5,55593,293,8,135,4,106,6,3,3,1
1430,1949,2,5,54591,376,4,106,9,24,6,8,0,1
1431,1949,0,6,74859,570,73,747,102,73,6,11,1,0
1432,1971,2,2,40851,23,1,7,4,24,1,2,1,2
1433,1949,4,3,58607,867,0,86,0,19,2,9,7,1
1434,1992,1,4,7500,10,17,26,26,40,3,2,6,1
1435,1975,4,4,52614,789,0,154,9,38,2,8,6,1
1436,1975,4,4,52614,789,0,154,9,38,2,8,4,1
1437,1974,2,3,67445,757,80,246,80,11,9,12,6,1
1438,1974,2,3,67445,757,80,246,80,11,9,12,3,1
1439,1974,2,3,67445,757,80,246,80,11,9,12,0,1
1440,1968,4,3,36778,29,4,36,4,4,3,3,6,2
1441,1983,2,5,39453,46,0,7,0,2,2,3,6,1
1442,1969,4,5,42731,159,2,57,2,24,4,5,5,1
1443,1965,4,4,40760,70,0,17,0,6,2,3,1,1
1444,1965,4,3,69969,882,29,552,29,44,4,6,6,0
1445,1955,2,4,80317,536,11,536,91,57,3,10,1,0
1446,1957,3,5,66636,291,10,773,10,0,3,9,6,0
1447,1975,3,3,54730,318,3,21,7,56,4,8,6,1
1448,1971,3,2,42835,379,4,105,9,98,6,4,3,2
1449,1965,3,3,53843,378,0,107,4,73,8,3,5,1
1450,1960,2,3,79530,333,0,944,42,29,4,11,6,0
1451,1968,3,2,63841,635,15,120,7,131,9,9,5,1
1452,1968,3,2,63841,635,15,120,7,131,9,9,6,1
1453,1968,3,2,63841,635,15,120,7,131,9,9,0,1
1454,1983,3,3,27100,12,0,15,0,10,1,3,6,1
1455,1983,3,3,27100,12,0,15,0,10,1,3,2,1
1456,1976,3,4,72309,960,0,933,38,0,5,8,1,0
1457,1959,2,4,50664,313,8,110,4,126,8,6,5,2
1458,1979,1,4,20194,0,4,18,10,15,2,3,6,1
1459,1975,4,3,76618,749,40,415,160,147,3,5,0,0
1460,1974,4,3,45207,203,0,10,0,2,3,6,6,2
1461,1972,2,3,56721,157,6,45,13,75,4,5,6,2
1462,1966,2,6,27038,1,26,42,23,15,3,3,5,0
1463,1977,2,4,23763,22,0,12,2,6,1,3,6,1
1464,1975,2,3,37085,39,1,18,0,3,3,3,3,2
1465,1966,3,3,49605,42,16,41,20,8,2,4,1,0
1466,1971,2,2,1730,1,1,4,1,1,0,0,6,0
1467,1995,2,4,34824,4,2,13,0,4,1,2,7,0
1468,1995,2,4,34824,4,2,13,0,4,1,2,6,0
1469,1974,3,3,63206,750,8,136,8,26,4,6,1,0
1470,1972,2,2,26759,25,3,24,5,2,2,3,0,1
1471,1976,4,2,55412,10,5,39,1,8,2,3,1,2
1472,1974,2,5,33590,4,0,2,0,2,1,2,1,3
1473,1971,2,3,70886,407,70,342,88,53,5,4,6,1
1474,1969,2,4,72679,619,54,387,54,54,4,5,6,1
1475,1943,3,3,65073,629,17,246,0,8,5,5,6,0
1476,1965,2,3,44300,30,0,9,0,3,1,3,6,2
1477,1953,3,5,56129,320,48,172,72,48,6,10,1,1
1478,1953,3,5,56129,320,48,172,72,48,6,10,6,1
1479,1971,2,5,38590,3,1,12,3,3,1,2,5,1
1480,1958,0,5,53083,215,7,36,0,13,5,5,3,2
1481,1976,0,4,79689,311,26,820,37,121,4,13,6,0
1482,1966,2,4,34704,29,0,5,1,5,1,3,1,1
1483,1962,2,3,65316,112,6,95,9,38,3,5,6,2
1484,1978,4,3,41014,7,2,8,0,3,1,2,6,1
1485,1960,2,5,19740,7,11,13,4,20,1,3,3,1
1486,1979,1,5,23724,5,23,15,18,14,2,3,6,1
1487,1969,4,3,55212,1103,0,45,0,34,4,11,6,1
1489,1955,2,6,79800,1060,21,562,0,224,5,5,6,0
1490,1967,2,2,70647,561,85,196,123,114,4,13,5,1
1491,1974,4,3,38410,153,64,239,64,14,5,9,1,0
1492,1980,2,4,28071,39,33,171,26,44,5,5,6,0
1493,1969,2,4,54803,404,0,120,27,142,6,9,6,1
1494,1993,2,4,74293,375,152,428,91,81,5,6,6,0
1495,1993,2,4,74293,375,152,428,91,81,5,6,5,0
1496,1984,0,3,35684,10,4,7,6,3,1,3,6,1
1497,1986,4,5,34320,4,1,12,0,0,1,2,5,1
1498,1981,2,4,41967,23,4,10,2,15,1,3,1,2
1499,1976,3,3,49681,411,0,26,0,21,7,7,1,2
1500,1976,3,3,49681,411,0,26,0,21,7,7,5,2
1501,1970,2,5,53187,211,2,37,7,10,4,6,6,1
1502,1951,2,5,86610,446,107,801,196,53,5,6,6,0
1503,1985,2,3,70951,239,10,808,87,54,3,9,5,0
1504,1970,2,4,24206,7,2,11,2,3,1,3,6,1
1505,1985,2,3,55357,374,64,200,25,64,6,11,3,2
1506,1959,2,3,58113,221,104,271,78,84,9,8,6,1
1507,1984,4,3,70643,1218,107,327,143,33,5,4,6,0
1508,1985,4,3,64355,1047,0,207,38,153,4,12,6,1
1509,1959,3,5,82576,1206,55,613,18,18,2,12,5,0
1510,1972,4,4,41644,20,3,6,0,2,1,3,6,2
1511,1984,2,3,72570,274,83,367,141,224,4,12,6,0
1512,1965,2,2,30630,27,1,14,0,10,2,3,6,2
1513,1981,3,4,22944,19,3,23,5,26,3,3,6,1
1514,1971,4,2,86979,584,100,900,83,35,5,5,6,0
1515,1970,2,4,0,738,20,224,50,20,2,10,6,3
1516,1970,4,5,82072,889,55,853,92,129,3,13,5,0
1517,1973,3,2,52034,146,0,100,13,73,4,5,6,2
1518,1993,2,4,72354,315,26,693,12,182,2,6,5,0
1519,1983,2,5,28427,18,3,22,3,6,2,3,6,1
1520,1983,2,5,28427,18,3,22,3,6,2,3,3,1
1521,1969,3,4,39858,15,20,27,7,26,2,4,5,1
1522,1951,3,3,67381,815,8,64,0,70,2,9,6,1
1523,1965,1,4,23529,9,7,16,2,20,1,2,6,1
1524,1967,2,3,51479,247,8,166,8,65,6,6,6,2
1525,1975,2,3,76068,1115,12,161,12,76,2,4,2,1
1526,1954,2,4,22507,68,0,277,157,68,10,4,1,0
1527,1984,2,4,52413,185,8,189,56,12,7,7,6,1
1528,1957,2,5,50116,54,0,10,0,2,1,4,2,2
1529,1962,2,4,76624,411,106,201,115,66,5,7,6,1
1530,1953,2,5,34587,7,2,11,0,2,1,3,2,2
1531,1946,4,4,62159,182,17,336,70,29,6,10,7,0
1532,1965,2,4,66294,251,108,399,92,117,4,5,6,0
1533,1950,4,5,5648,28,0,7,1,13,1,0,7,2
1534,1984,2,5,37235,20,2,13,6,20,1,2,6,1
1535,1964,2,6,85620,416,46,985,107,46,3,4,6,0
1536,1984,2,5,23976,14,1,23,3,25,3,3,5,1
1537,1987,3,4,41020,112,1,61,7,36,3,4,1,0
1538,1984,2,4,36108,141,8,132,11,47,7,4,5,1
1539,1951,3,2,57530,50,1,33,7,1,1,4,3,1
1540,1964,0,3,62905,166,75,215,107,59,7,8,6,1
1541,1945,4,3,65846,562,81,356,40,81,6,6,1,0
1542,1977,2,3,34380,72,7,71,1,24,4,3,1,1
1543,1964,2,2,41638,315,0,35,0,91,5,3,6,1
1544,1992,2,5,63207,438,169,656,169,70,2,6,6,0
1545,1950,2,5,28320,19,1,17,2,4,1,3,6,1
1546,1957,2,3,43140,134,8,82,0,11,4,5,6,1
1547,1971,2,3,52531,283,112,202,72,125,7,10,6,0
1548,1977,2,2,40246,2,1,8,1,1,1,2,2,1
1549,1984,2,5,35196,75,12,184,39,187,6,5,6,1
1551,1985,2,4,70596,347,44,551,0,26,3,12,6,0
1553,1962,4,4,52597,492,0,44,0,42,6,8,5,1
1554,1972,3,4,42394,15,2,10,1,4,1,3,2,1
1555,1969,2,4,81657,364,40,583,60,50,3,8,6,0
1556,1960,4,3,49154,206,10,97,27,71,4,8,6,2
1557,1952,2,5,34074,135,1,51,1,67,3,3,6,2
1558,1989,2,3,0,861,138,521,30,61,6,12,6,0
1559,1955,3,2,70638,1016,12,231,12,63,4,10,5,0
1560,1978,2,3,38136,8,15,27,20,33,3,2,7,1
1561,1973,2,3,67432,432,79,518,136,170,8,4,0,1
1562,1951,2,5,40689,270,3,66,6,99,7,5,7,1
1563,1951,2,5,40689,270,3,66,6,99,7,5,6,1
1564,1983,2,4,101970,722,27,146,72,168,6,13,1,0
1565,1972,4,3,44325,516,0,21,0,5,8,7,1,1
1566,1948,4,3,61467,410,16,114,5,49,5,10,6,2
1567,1975,2,3,48178,159,4,51,2,38,5,4,6,2
1568,1980,1,3,16005,1,3,22,30,47,2,2,1,1
1569,1973,2,3,79593,350,60,678,133,145,5,7,2,0
1570,1973,2,3,79593,350,60,678,133,145,5,7,6,0
1571,1959,2,3,61180,403,24,35,24,218,5,6,6,1
1572,1989,2,4,64449,218,63,419,35,70,5,12,6,1
1573,1963,2,3,77437,560,21,471,44,29,4,13,6,0
1574,1976,2,3,17649,15,1,23,5,1,3,3,7,1
1575,1954,2,5,53103,729,17,144,0,195,10,7,5,1
1576,1971,2,5,71819,1224,28,140,14,168,3,5,6,1
1577,1971,3,2,74290,1121,0,72,12,12,10,10,6,1
1578,1951,2,4,72282,503,27,509,139,153,5,9,6,0
1579,1951,3,5,47352,172,12,120,0,15,6,5,6,1
1580,1951,3,5,47352,172,12,120,0,15,6,5,0,1
1581,1961,2,4,46524,31,19,61,14,52,1,5,1,1
1582,1976,2,5,50200,266,6,59,6,64,7,5,6,2
1583,1990,2,3,18222,12,4,31,6,14,2,3,6,0
1584,1952,4,3,77610,1245,33,353,33,16,4,4,0,1
1585,1970,4,3,38097,77,2,35,1,69,3,2,5,2
1586,1968,4,3,44377,224,0,30,0,10,5,5,5,2
1587,1981,2,4,58684,479,35,207,7,85,5,12,5,0
1588,1965,2,3,66480,199,9,77,21,6,4,7,6,2
1589,1952,2,2,49638,18,10,6,5,0,1,3,6,1
1590,1950,4,5,50616,30,2,25,1,9,1,4,6,1
1591,1967,4,2,26642,13,2,17,2,8,2,3,6,1
1592,1986,2,5,33235,45,0,18,1,6,3,3,6,1
1593,1969,2,5,23228,13,2,24,1,0,2,3,3,1
1594,1959,4,3,36732,21,5,13,1,7,1,4,6,2
1595,1946,2,5,82657,966,168,918,105,126,7,10,2,0
1596,1964,4,2,64140,1459,0,61,15,215,2,6,5,2
1597,1974,2,5,44392,87,5,78,12,29,4,4,6,2
1598,1990,1,4,16185,5,11,37,8,45,2,2,3,1
1599,1978,0,5,38702,13,11,37,8,40,3,4,0,1
1600,1963,4,3,54072,35,0,4,0,0,2,2,5,2
1601,1987,3,2,61787,621,73,492,48,85,8,6,6,0
1602,1992,2,3,34935,34,4,69,10,20,2,4,6,0
1603,1992,2,3,34935,34,4,69,10,20,2,4,5,0
1604,1950,4,5,59292,378,14,87,14,14,3,8,6,1
1606,1955,2,4,57959,430,16,365,24,33,4,11,6,1
1607,1983,4,3,92491,979,44,964,25,22,7,12,6,0
1608,1984,3,3,42207,116,11,75,17,46,4,5,6,1
1609,1956,2,6,46984,19,1,12,1,8,1,3,1,2
1610,1987,2,4,23442,2,0,14,6,5,1,3,6,1
1611,1963,4,4,46757,777,30,163,51,122,4,7,6,1
1612,1980,0,5,14515,6,4,15,36,35,2,3,6,1
1613,1986,0,4,80910,160,80,436,39,41,3,8,6,0
1614,1979,2,5,30545,4,12,34,7,12,2,3,3,1
1615,1970,3,4,44802,853,10,156,10,20,9,12,3,0
1616,1976,2,4,79941,123,164,493,30,174,2,9,0,0
1617,1969,3,3,79734,572,8,255,62,17,4,6,6,0
1618,1977,3,3,50353,141,15,220,31,35,4,6,6,0
1619,1956,4,5,77376,492,19,126,12,12,6,10,1,2
1620,1972,4,3,78075,572,8,293,35,80,3,5,6,0
1621,1976,4,4,42473,93,1,21,4,25,2,4,6,2
1622,1988,2,4,25008,2,8,14,1,9,1,3,6,1
1623,1948,4,3,56223,77,28,47,0,4,2,5,6,1
1624,1980,2,3,47850,42,7,63,12,10,3,4,6,1
1625,1986,4,5,91820,410,73,823,161,30,5,12,1,0
1626,1965,4,4,40637,22,0,13,0,3,1,3,5,2
1627,1959,2,2,23295,0,0,3,12,5,1,2,6,0
1628,1952,2,4,84574,387,20,751,54,163,9,11,6,0
1629,1969,2,5,54165,127,4,88,6,11,2,7,6,0
1630,1981,2,2,28510,44,5,19,4,19,2,4,6,2
1631,1956,2,3,67131,465,71,343,35,62,9,12,6,1
1632,1969,4,3,56242,689,8,178,8,88,8,11,7,1
1633,1983,4,3,86580,532,21,153,20,20,4,5,6,0
1634,1955,2,5,76005,983,20,629,50,40,3,13,6,0
1635,1962,4,3,54693,686,17,165,26,35,6,13,6,1
1636,1955,3,3,52750,393,0,329,69,69,5,9,1,1
1637,1968,2,2,36997,43,4,20,0,27,2,4,1,2
1638,1965,4,5,34230,15,0,4,0,2,1,2,6,2
1639,1960,2,6,47916,505,0,26,0,75,7,6,2,1
1640,1979,0,5,60839,600,21,351,150,128,2,12,6,2
1641,1972,4,3,79930,792,86,807,51,17,3,8,5,0
1642,1970,4,3,55158,293,0,91,11,23,7,5,6,2
1643,1958,0,4,85485,630,26,655,18,54,6,6,6,0
1644,1943,4,3,75865,483,0,747,0,12,3,10,6,0
1645,1965,2,3,44375,213,5,35,7,41,4,6,6,1
1646,1971,4,4,60504,458,0,30,4,34,6,8,6,1
1647,1959,2,3,65492,247,161,505,85,47,4,13,1,0
1648,1980,0,4,67506,90,38,100,36,67,4,6,6,1
1649,1959,4,2,68805,182,2,66,13,20,3,7,6,1
1650,1970,2,4,61209,466,0,343,49,99,5,4,7,0
1651,1967,2,5,66825,243,101,434,40,40,4,6,5,0
1652,1983,4,4,87188,910,111,773,74,55,10,6,3,0
1653,1953,3,6,84953,167,48,665,72,72,3,4,6,0
1654,1954,4,4,74637,960,64,610,0,16,6,9,5,0
1655,1962,2,3,86111,399,28,792,40,126,5,10,1,0
1656,1947,3,5,77632,1200,105,758,42,147,4,6,6,0
1657,1973,2,3,31814,35,3,24,1,20,2,3,5,1
1658,1972,4,3,70116,707,44,698,58,29,2,12,6,0
1659,1969,4,4,48240,389,91,312,49,41,6,13,6,0
1660,1985,3,5,40101,171,3,155,24,62,6,6,3,1
1661,1953,2,3,70503,1379,33,216,33,66,2,9,6,0
1662,1975,2,3,79205,504,23,296,28,44,6,4,6,0
1663,1980,2,4,51766,60,51,93,20,51,4,4,1,1
1664,1980,2,5,62994,224,12,52,12,12,6,4,1,1
1665,1974,4,5,65640,204,7,169,15,66,5,8,5,1
1666,1969,2,5,38361,39,0,76,8,14,3,3,5,1
1667,1969,2,5,38361,39,0,76,8,14,3,3,0,1
1668,1985,2,3,19986,3,6,5,2,6,0,3,6,1
1670,1985,2,4,72903,1067,138,750,19,39,7,8,6,0
1671,1948,4,2,45072,144,2,106,2,30,6,4,0,3
1672,1967,4,3,59062,46,1,15,0,9,2,3,6,3
1673,1961,3,3,61794,264,47,242,47,11,4,10,6,1
1674,1965,3,5,45143,202,5,85,5,14,6,5,6,1
1675,1965,3,5,45143,202,5,85,5,14,6,5,5,1
1676,1969,3,4,26877,101,13,96,18,40,3,6,6,0
1677,1965,4,2,36921,17,1,15,1,4,2,3,1,2
1678,1956,0,5,54342,84,10,45,10,28,3,4,0,2
1679,1969,3,4,62772,581,49,200,8,108,5,11,6,1
1680,1959,4,3,75032,952,12,227,12,12,5,9,6,1
1681,1963,2,3,22419,30,3,66,21,42,3,2,6,0
1682,1963,2,3,22419,30,3,66,21,42,3,2,1,0
1683,1978,0,3,36550,47,90,217,103,120,9,5,1,1
1684,1953,2,3,75027,925,64,312,12,77,9,6,5,1
1685,1974,4,4,63159,965,34,675,86,37,3,8,6,0
1686,1973,3,3,54108,539,6,99,6,97,8,9,1,2
1687,1952,2,3,81795,324,132,720,118,88,4,7,6,0
1688,1965,2,3,59594,457,4,29,0,9,8,7,6,1
1689,1982,3,5,18492,2,2,4,1,1,1,2,6,1
1690,1958,2,4,94472,1017,33,525,100,16,5,5,6,1
1691,1979,2,4,70337,187,81,174,43,91,2,12,7,0
1692,1973,2,4,34853,9,3,17,3,2,2,3,2,2
1693,1943,3,6,0,532,126,654,126,126,5,11,0,0
1694,1984,4,4,16269,19,3,21,1,0,3,3,6,1
1695,1982,2,5,50272,99,13,109,8,4,4,5,0,1
1696,1971,2,4,22804,14,1,9,1,1,2,2,5,1
1697,1971,2,4,22804,14,1,9,1,1,2,2,6,1
1698,1974,2,3,30631,15,6,24,5,20,3,2,5,1
1699,1966,4,4,78420,604,28,765,28,28,3,8,5,0
1700,1980,2,4,81741,249,153,998,134,38,6,7,6,0
1701,1971,2,3,25721,1,3,9,6,15,1,2,0,1
1702,1972,2,4,31907,33,87,239,16,74,6,6,2,0
1703,1962,2,2,37859,22,1,10,1,2,1,3,1,3
1704,1972,2,5,30261,8,0,5,3,6,0,3,6,3
1705,1979,2,5,21645,14,0,27,5,19,3,3,2,1
1706,1978,0,2,21282,1,5,12,8,20,2,2,6,1
1707,1954,2,5,32144,41,0,10,0,3,2,3,3,2
1708,1954,3,2,62637,104,12,52,12,5,2,5,1,1
1709,1971,2,5,16626,8,3,43,1,13,3,3,5,2
1710,1971,0,3,54690,111,16,44,9,18,3,5,6,2
1712,1955,4,4,61284,618,15,126,7,45,11,8,6,0
1713,1976,0,3,23718,6,3,29,7,36,3,2,0,1
1714,1962,4,4,33419,56,0,12,0,18,2,4,6,1
1715,1983,2,2,82025,267,98,654,70,98,3,6,5,0
1716,1958,1,4,15056,6,12,24,6,40,2,3,6,2
1717,1958,2,3,48192,1039,43,357,58,29,2,12,1,0
1718,1967,0,5,67309,515,47,330,95,95,9,9,6,2
1719,1957,2,6,66033,293,35,225,59,65,8,7,3,1
1720,1977,2,4,28769,41,5,139,3,3,4,4,6,1
1721,1957,4,5,6835,107,2,14,2,12,0,1,1,1
1722,1986,2,3,32880,8,4,22,6,2,1,3,6,1
1723,1982,0,4,23616,4,22,14,7,32,3,3,6,1
1724,1981,2,3,19419,2,14,44,3,7,4,3,3,1
1725,1973,2,3,34961,45,2,30,1,1,3,3,6,1
1726,1976,2,2,64892,527,24,262,24,65,6,12,5,1
1727,1988,0,3,16248,12,11,13,12,9,2,3,3,1
1728,1983,2,5,43776,8,0,11,1,3,1,2,6,1
1729,1967,2,4,52074,59,0,12,0,48,2,2,3,1
1730,1960,1,6,22123,3,3,58,7,31,2,3,0,0
1731,1978,3,4,35544,30,5,27,1,4,2,3,5,1
1732,1989,0,3,59060,35,40,147,40,12,3,7,6,1
1733,1976,2,3,65665,225,162,493,36,29,5,8,6,1
1734,1971,2,2,29819,9,1,26,1,2,3,3,6,1
1735,1989,2,4,81217,493,70,470,40,84,3,11,6,0
1737,1990,2,4,26095,11,7,12,1,11,1,3,6,1
1738,1970,0,2,65706,918,10,142,0,129,11,12,1,0
1739,1976,2,2,31859,3,1,11,0,5,1,2,5,1
1740,1941,4,3,93027,1285,42,771,0,21,7,5,6,0
1741,1970,2,2,58710,440,81,368,122,174,11,9,0,1
1742,1966,3,5,49618,80,3,30,2,14,3,3,6,2
1743,1964,3,4,58308,691,0,79,0,130,2,3,6,1
1744,1964,2,3,40800,24,0,35,30,10,3,3,6,3
1745,1959,2,3,18690,6,1,30,4,19,1,2,6,0
1746,1959,2,3,18690,6,1,30,4,19,1,2,2,0
1748,1958,2,5,28087,53,8,30,0,21,2,2,3,2
1749,1967,2,5,75702,650,28,398,42,30,4,11,5,2
1750,1971,4,5,32892,26,0,17,1,2,3,3,5,1
1751,1971,4,5,32892,26,0,17,1,2,3,3,6,1
1752,1959,3,5,89120,1168,92,480,129,55,5,7,6,0
1753,1961,2,3,27116,12,1,23,2,3,2,3,5,2
1754,1989,2,4,46107,31,9,43,9,33,1,4,5,1
1755,1973,4,4,54466,12,0,4,0,0,1,2,6,2
1756,1965,2,4,59686,89,15,123,42,5,4,6,1,1
1757,1950,2,2,82460,255,47,625,32,15,5,6,5,0
1758,1960,4,4,76045,760,53,417,93,0,4,11,6,0
1759,1975,2,2,83829,897,161,616,161,27,4,6,6,0
1761,1968,3,5,32889,28,0,17,2,8,2,3,6,2
1762,1979,3,2,33462,22,3,18,0,11,2,3,5,1
1763,1975,2,2,36627,9,1,5,0,1,0,3,5,2
1764,1982,2,3,28718,12,4,17,8,16,2,3,3,1
1765,1972,2,3,77981,138,120,220,126,60,7,7,6,1
1766,1956,2,4,60230,520,20,406,81,40,6,6,6,1
1767,1969,2,5,74918,972,59,938,19,59,5,6,6,0
1768,1953,2,4,40464,424,17,125,23,41,8,8,6,1
1769,1956,3,4,64857,556,14,927,0,43,7,10,6,0
1770,1956,3,4,64857,556,14,927,0,43,7,10,1,0
1771,1960,2,5,63381,571,50,175,50,159,4,13,6,1
1773,1982,0,5,66664,398,96,667,96,32,5,6,6,0
1774,1982,0,5,66664,398,96,667,96,32,5,6,5,0
1775,1966,2,4,86358,957,47,576,47,95,5,6,6,2
1776,1977,2,3,41443,171,7,196,19,89,8,5,5,1
1777,1961,4,3,57072,944,0,60,0,30,7,13,1,1
1778,1967,2,5,54178,135,9,43,0,7,2,5,2,1
1779,1950,4,4,48767,28,1,24,0,10,2,3,0,3
1780,1955,3,4,51124,26,1,11,1,4,1,3,1,2
1781,1970,2,4,43020,45,7,103,25,43,4,4,7,1
1782,1963,2,4,49980,104,1,67,9,14,3,5,3,1
1783,1955,2,4,72906,400,32,590,75,54,3,9,6,0
1784,1976,0,5,25176,4,0,4,0,5,1,2,2,2
1785,1977,2,5,96876,908,43,775,194,21,7,9,6,0
1786,1979,0,3,31086,16,2,14,0,16,1,2,2,2
1787,1983,2,4,24072,9,1,9,0,4,1,2,6,1
1788,1954,2,2,76773,516,56,535,33,16,2,11,6,0
1789,1965,2,3,72190,597,166,769,166,249,5,4,0,0
1790,1948,4,3,83837,847,66,205,89,111,9,5,3,0
1791,1978,2,3,17345,4,9,33,0,12,2,2,6,1
1792,1958,3,4,75154,543,10,365,143,82,6,6,7,1
1793,1961,1,3,28249,1,9,9,14,10,2,3,3,0
1794,1961,1,3,28249,1,9,9,14,10,2,3,6,0
1795,1980,3,3,69661,656,16,138,16,8,7,12,3,0
1796,1979,4,5,27922,11,0,15,4,11,2,3,5,1
1797,1966,3,5,45903,33,8,12,10,3,2,3,5,1
1798,1977,3,4,36273,29,3,33,2,9,3,3,6,1
1799,1968,3,3,70777,554,35,113,7,78,5,12,6,1
1800,1976,2,3,17148,9,9,24,10,16,3,3,1,1
1801,1969,3,5,66476,742,28,177,9,57,6,10,2,1
1802,1979,3,3,45057,37,0,10,0,3,2,3,7,1
1803,1968,2,3,41120,24,2,23,8,24,2,3,6,2
1804,1959,4,4,0,81,11,53,2,39,1,4,0,0
1805,1986,3,4,19485,6,0,4,0,0,1,2,3,2
1806,1983,4,5,21840,17,0,9,0,1,1,3,6,1
1807,1985,0,4,41473,21,8,35,3,9,2,3,6,1
1808,1956,0,2,31395,23,1,25,8,7,2,3,6,2
1809,1947,4,6,68117,618,44,215,17,36,11,4,6,1
1810,1975,0,6,47682,162,61,180,57,61,4,8,6,1
1811,1972,3,3,83151,968,147,979,42,210,5,10,6,0
1812,1969,4,2,58086,708,7,62,0,15,11,7,6,1
1813,1958,4,5,84460,152,27,209,54,81,9,4,6,0
1814,1962,2,4,66565,747,10,226,40,42,4,9,6,1
1815,1969,2,2,23910,16,12,25,1,13,2,3,6,1
1816,1968,2,4,35893,158,0,23,0,18,3,5,3,2
1817,1973,2,2,71128,958,159,467,0,31,2,12,7,1
1818,1989,0,5,38683,46,35,153,41,66,4,6,3,1
1819,1971,2,3,37150,167,37,113,34,116,4,6,7,1
1820,1976,2,3,61064,387,126,342,45,180,8,11,6,1
1821,1976,4,3,51650,152,3,24,5,7,4,4,3,1
1822,1956,3,5,55249,97,1,21,0,11,2,4,6,1
1823,1973,4,4,46854,96,1,86,1,79,5,3,3,2
1824,1996,1,3,14421,0,0,5,3,8,1,2,6,0
1825,1969,4,5,54132,30,1,8,0,3,1,3,2,1
1826,1975,2,2,153924,1,1,2,1,1,0,0,6,0
1827,1978,2,3,64813,293,0,303,97,52,7,10,6,1
1828,1970,3,3,61872,330,5,195,27,16,4,9,1,1
1829,1979,2,3,58025,270,31,99,48,22,3,10,3,1
1830,1948,3,3,83790,1076,16,459,48,16,8,6,5,0
1831,1979,2,5,34350,16,3,17,1,11,1,3,0,1
1832,1958,4,6,33438,62,1,19,2,6,2,4,6,2
1833,1986,0,3,21955,5,1,24,14,11,2,3,6,1
1834,1971,4,3,60491,637,47,249,19,76,6,7,6,1
1835,1964,4,3,59304,418,61,508,51,10,7,10,6,1
1836,1974,2,3,34421,3,3,13,2,9,1,2,6,1
1837,1974,2,3,34421,3,3,13,2,9,1,2,5,1
1838,1953,4,4,51411,14,0,3,0,1,0,3,3,3
1839,1958,2,2,71964,587,51,1112,34,86,5,5,6,0
1840,1953,4,5,64504,986,36,184,0,108,11,4,6,3
1841,1961,2,3,49678,229,5,59,2,20,6,4,6,1
1842,1976,3,4,60482,255,43,171,14,24,7,7,5,1
1843,1972,4,4,55260,825,8,64,0,242,8,5,5,1
1844,1969,3,6,67369,1298,0,107,14,42,7,10,6,1
1845,1962,3,5,47175,167,2,50,2,19,4,4,5,2
1846,1967,2,2,68743,1132,134,559,134,115,11,13,7,0
1847,1981,4,5,56937,746,8,136,8,8,8,9,6,1
1848,1986,2,5,83033,812,99,668,149,33,11,10,5,1
1849,1976,2,4,37697,34,6,32,4,8,2,3,3,1
1850,1976,2,4,37697,34,6,32,4,8,2,3,6,1
1851,1951,2,3,44689,18,0,5,0,11,1,2,6,2
1852,1970,0,3,23162,8,3,28,4,22,1,3,1,2
1853,1959,2,2,63033,194,61,705,112,30,3,8,7,0
1854,1967,4,4,40304,37,0,17,0,3,2,3,1,1
1855,1984,2,3,40059,110,29,120,10,145,6,3,7,1
1856,1954,2,3,80067,519,17,840,173,51,4,6,3,0
1857,1981,4,4,36038,23,0,15,2,7,3,3,6,1
1858,1981,4,4,0,23,0,15,2,7,3,3,0,1
1859,1968,2,5,40521,12,0,5,0,4,0,2,6,2
1860,1956,4,3,66334,909,11,218,0,23,9,5,6,1
1861,1984,2,4,11012,24,3,33,1,23,3,2,3,1
1862,1976,2,2,31615,2,3,26,11,9,2,3,6,1
1863,1971,2,3,0,71,1,16,0,9,2,3,0,2
1864,1949,4,3,69098,1315,22,925,0,178,7,9,6,0
1865,1951,2,6,70792,344,45,758,11,114,3,10,6,0
1866,1979,2,3,17688,2,2,4,1,2,1,2,6,1
1867,1989,1,3,25443,1,4,11,9,7,1,3,5,1
1868,1972,4,3,57091,462,0,30,0,4,9,5,6,1
1869,1981,0,4,24336,1,6,10,2,12,1,2,6,1
1870,1981,0,3,51111,22,0,25,5,3,2,3,5,2
1871,1972,2,4,44503,31,1,8,0,8,2,3,6,2
1872,1971,3,3,56850,34,1,21,7,0,1,3,1,1
1873,1969,4,4,66582,789,25,436,38,0,2,9,6,0
1874,1985,0,3,23148,4,6,14,3,10,2,3,6,0
1875,1964,2,3,82224,307,26,498,31,40,6,5,2,0
1876,1974,4,3,61917,46,4,38,2,1,2,4,6,2
1877,1966,2,5,43482,18,1,38,3,28,2,4,3,3
1878,1979,2,2,68274,135,25,74,25,46,4,5,5,2
1879,1974,2,4,42373,67,5,64,8,19,2,5,6,2
1880,1954,3,5,0,161,0,22,0,24,4,4,0,1
1881,1979,2,4,57537,191,56,190,8,100,4,8,0,1
1882,1958,4,6,80995,860,28,482,56,56,8,4,1,1
1883,1976,2,2,30992,17,0,21,3,2,1,3,1,1
1885,1971,4,5,78642,1396,0,368,35,17,4,4,6,1
1886,1955,2,3,74268,199,66,412,174,41,4,5,5,0
1887,1962,2,5,75072,583,34,309,22,125,5,8,6,1
1888,1963,2,5,56253,509,0,72,11,5,7,9,6,1
1889,1955,2,5,59925,473,21,195,21,56,9,9,6,1
1890,1960,2,5,62807,526,28,145,21,99,5,12,6,1
1891,1960,2,5,62807,526,28,145,21,99,5,12,1,1
1892,1970,4,3,23626,27,2,14,0,0,3,3,2,1
1893,1976,3,5,46106,30,0,10,0,14,1,2,5,2
1894,1965,2,3,81168,410,0,739,22,22,6,7,6,0
1895,1979,2,3,27244,6,5,20,24,46,2,2,6,1
1896,1957,2,5,26091,15,10,27,17,20,2,3,3,2
1897,1957,2,5,26091,15,10,27,17,20,2,3,6,2
1898,1969,3,3,43142,5,1,9,1,4,1,2,0,2
1899,1971,2,5,38232,43,5,35,6,33,3,3,6,2
1900,1985,2,3,92533,693,21,228,147,42,6,11,2,0
1901,1945,2,6,63285,508,124,299,38,134,6,13,6,0
1902,1955,2,5,38946,116,6,88,6,41,3,6,7,1
1903,1955,2,5,38946,116,6,88,6,41,3,6,1,1
1904,1975,4,3,40233,80,4,46,17,2,2,5,5,1
1905,1969,0,3,46831,22,2,16,4,34,1,2,6,2
1906,1987,2,5,67605,336,28,466,54,54,2,6,6,0
1907,1976,3,4,70379,553,25,207,67,8,6,13,1,1
1908,1957,0,2,77297,408,61,157,122,41,5,9,6,0
1909,1962,2,3,55759,675,0,95,7,77,10,8,1,1
1910,1951,3,4,58217,68,1,16,5,13,2,4,6,3
1911,1976,2,5,51369,297,7,79,11,182,8,4,5,1
1913,1956,2,4,91249,1324,27,190,108,27,7,6,6,0
1914,1978,0,5,52513,367,17,345,188,232,9,9,6,0
1915,1970,3,3,44159,167,2,86,13,7,4,6,5,1
1916,1962,2,5,76081,292,30,478,33,200,4,4,6,0
1917,1962,2,5,76081,292,30,478,33,200,4,4,3,0
1918,1974,2,2,39996,11,0,3,0,1,1,2,0,2
1919,1973,4,5,55012,582,0,65,0,13,8,9,6,1
1920,1947,2,4,77457,675,11,415,45,11,2,10,5,0
1921,1963,2,4,80695,557,129,1177,37,18,5,5,7,0
1922,1956,2,3,71866,184,178,281,39,33,6,10,0,1
1923,1982,3,5,73450,1142,51,505,69,37,7,11,6,0
1924,1944,4,2,55614,504,13,139,0,26,9,6,6,0
1925,1949,4,3,156924,2,1,3,1,1,0,0,1,0
1926,1967,0,5,30753,12,5,25,9,30,1,3,1,2
1927,1956,3,5,54603,145,13,63,2,4,4,4,6,2
1928,1975,2,5,22280,2,1,7,1,2,1,2,6,1
1929,1951,3,5,59385,135,0,10,4,36,3,4,6,2
1930,1955,2,3,76998,1449,89,230,35,107,11,8,1,1
1931,1971,3,5,80573,829,138,490,92,15,4,13,5,0
1932,1971,3,5,80573,829,138,490,92,15,4,13,6,0
1933,1982,2,3,24711,10,7,31,3,7,3,3,6,0
1934,1959,4,3,38829,76,0,7,0,16,3,2,2,1
1935,1974,4,4,71466,412,12,624,182,0,4,10,1,0
1936,1956,3,5,28839,24,0,7,0,1,2,3,6,2
1937,1951,2,3,53790,335,42,155,5,5,7,8,6,2
1938,1951,3,6,73705,612,91,778,107,107,9,8,6,2
1939,1982,2,3,22448,3,1,31,2,18,2,3,5,1
1940,1976,2,2,12571,3,5,16,12,17,3,3,5,1
1941,1960,3,5,73113,741,19,204,9,28,3,7,5,0
1942,1990,2,3,35765,22,3,30,5,15,2,4,1,1
1943,1966,4,4,46734,100,1,45,1,76,3,3,6,3
1944,1963,4,5,66313,625,7,109,22,7,6,12,5,1
1945,1957,3,5,68148,389,66,445,57,85,4,6,6,0
1946,1965,2,3,44393,24,2,22,2,10,1,4,6,2
1947,1986,4,5,38197,23,0,13,1,3,1,3,6,1
1948,1946,4,3,51012,102,9,65,9,24,4,4,6,0
1950,1960,2,5,13672,6,2,11,1,5,1,3,6,2
1951,1953,2,5,41452,13,0,3,0,0,1,2,1,2
1952,1982,2,3,42081,175,10,164,6,27,6,4,6,1
1953,1986,1,4,14906,7,7,21,16,15,2,3,5,0
1954,1985,0,4,33812,4,17,49,24,39,2,3,7,1
1955,1975,3,4,46098,57,0,27,0,36,3,2,6,2
1956,1975,3,4,46098,57,0,27,0,36,3,2,1,2
1957,1975,3,4,46098,57,0,27,0,36,3,2,3,2
1958,1956,0,3,53230,176,72,234,21,229,5,12,2,1
1959,1989,3,5,88420,957,153,711,95,153,4,8,6,0
1960,1963,0,4,39548,15,4,13,4,18,1,3,6,2
1961,1953,2,5,61278,111,3,30,6,15,3,4,6,1
1962,1964,2,4,81246,398,190,598,156,37,4,7,6,0
1963,1975,2,6,58330,445,53,317,98,151,6,13,6,1
1964,1975,2,6,58330,445,53,317,98,151,6,13,2,1
1965,1967,2,5,65777,565,32,463,32,54,2,6,7,0
1966,1980,0,3,70829,141,70,178,19,23,4,8,6,2
1967,1973,3,5,0,445,37,457,28,18,2,8,2,0
1968,1962,3,4,59247,327,9,141,14,83,5,9,6,2
1969,1967,2,4,25930,6,1,4,0,4,1,2,6,2
1970,1959,2,5,54753,197,107,234,59,131,5,11,5,1
1971,1974,4,5,28440,38,1,24,0,0,2,3,6,1
1972,1973,0,3,23559,25,5,26,0,23,3,3,2,1
1973,1952,2,2,62335,243,131,302,6,26,3,13,6,1
1974,1979,2,3,63777,457,5,121,17,53,11,6,3,2
1975,1972,2,3,59666,623,53,201,17,133,3,8,1,2
1976,1956,3,3,50965,544,13,93,6,29,10,5,6,1
1977,1965,0,5,71488,162,33,164,28,172,3,7,1,0
1978,1952,2,4,72228,631,28,521,14,56,6,8,6,0
1979,1953,4,4,46231,189,2,55,5,12,6,4,5,3
1980,1974,2,5,75702,1073,0,774,37,37,10,13,6,1
1981,1971,2,2,43300,91,3,54,1,31,4,4,1,1
1982,1957,2,3,78618,736,163,1030,163,61,4,10,6,0
1983,1958,2,5,0,19,4,14,2,6,1,3,0,2
1984,1985,2,4,29760,64,4,75,5,17,3,4,2,1
1985,1985,2,4,29760,64,4,75,5,17,3,4,6,1
1986,1962,2,5,50127,274,0,25,6,15,5,6,6,1
1987,1988,2,5,29604,7,6,20,6,14,1,3,5,1
1988,1952,2,3,49413,205,7,44,2,46,4,5,6,1
1989,1958,2,3,51876,99,27,130,48,6,2,8,2,0
1990,1974,2,3,45837,215,13,104,17,24,6,5,6,2
1991,1962,4,2,85696,714,76,511,0,12,4,9,6,0
1993,1962,3,2,59432,317,25,290,19,12,5,11,6,1
1994,1951,2,2,43185,537,6,58,6,30,9,6,0,1
1995,1975,4,3,60631,565,6,65,6,19,9,8,2,2
1996,1985,3,3,20559,13,1,32,0,7,2,3,0,1
1997,1956,3,5,50898,285,28,297,114,135,6,12,5,2
1998,1978,2,3,73807,366,124,227,78,54,5,11,3,1
1999,1956,3,5,14661,4,1,17,2,2,1,3,6,0
2000,1954,2,5,36807,4,2,5,0,5,1,2,3,2
2001,1975,0,5,46772,350,104,386,151,57,11,5,1,1
2002,1947,4,5,81574,1252,0,511,35,0,4,8,5,0
2003,1976,2,3,30772,7,2,6,1,4,1,2,1,2
2004,1978,4,3,46377,37,0,50,3,0,2,3,5,1
2005,1974,4,3,78128,934,24,246,24,36,8,6,2,1
2006,1972,4,5,83443,518,42,797,56,84,6,5,2,0
2007,1960,0,5,50523,51,4,28,7,1,2,4,7,2
2008,1965,2,5,47009,171,45,132,10,90,3,8,6,1
2009,1967,3,3,37054,12,1,6,1,5,1,3,5,2
2010,1971,4,3,32011,99,0,17,1,5,2,4,6,1
2011,1962,0,5,82122,734,22,501,25,100,3,13,6,0
2012,1975,2,2,70300,1045,61,398,46,46,5,13,6,1
2013,1976,3,5,21024,36,4,24,2,18,2,4,6,0
2014,1968,2,5,34916,51,23,115,0,42,5,3,5,2
2015,1967,2,5,27943,12,1,20,1,3,2,3,6,2
2016,1971,3,3,39791,85,15,40,13,21,3,4,6,1
2017,1965,4,3,62745,562,21,492,10,32,7,11,5,1
2018,1969,2,4,18589,6,4,40,12,13,2,3,7,0
2019,1976,2,5,85606,717,42,1083,30,84,6,9,6,1
2020,1951,1,3,26997,7,23,211,49,144,4,5,6,0
2021,1961,2,4,82332,830,59,1019,79,19,5,12,2,0
2022,1970,4,3,38853,29,0,14,0,2,2,3,3,2
2023,1968,3,2,27071,8,3,19,2,3,2,3,6,1
2024,1954,4,4,90933,1020,31,492,63,79,4,4,6,0
2025,1966,4,5,65814,561,14,123,14,35,8,10,6,1
2026,1958,4,5,74250,680,11,467,0,0,2,4,1,0
2027,1976,3,3,33181,9,0,3,0,4,1,2,6,1
2028,1944,3,6,45006,162,25,69,0,10,3,7,6,0
2029,1958,3,5,42315,67,15,97,11,80,1,4,7,1
2030,1950,4,3,48699,26,1,12,0,1,1,3,0,2
2031,1954,2,3,59111,524,0,162,28,155,11,8,0,0
2032,1955,2,3,48726,138,3,42,0,59,3,4,2,1
2033,1955,2,2,37244,18,2,10,0,25,1,2,6,2
2034,1970,2,5,74854,856,59,545,29,73,2,5,2,3
2035,1964,4,3,60896,1013,30,459,46,153,9,4,1,1
2036,1988,4,3,67546,864,134,918,38,172,4,5,5,0
2037,1988,4,3,67546,864,134,918,38,172,4,5,6,0
2038,1987,2,4,46923,85,44,156,78,6,5,7,6,1
2039,1972,2,3,38988,164,24,115,3,42,5,6,6,3
2040,1971,0,2,49118,620,54,338,98,119,9,10,6,0
2041,1978,4,5,27683,152,9,133,12,45,6,4,6,1
2042,1974,4,4,39190,68,8,37,8,12,2,4,6,1
2043,1981,2,2,56981,908,48,249,12,24,2,13,5,0
2044,1984,2,3,23228,53,3,56,4,5,3,4,1,1
2045,1984,2,3,90000,675,144,227,192,241,4,5,1,0
2046,1953,4,3,55707,208,7,112,66,35,3,9,6,1
2047,1989,2,4,9255,9,0,9,0,4,1,2,3,1
2048,1977,4,4,42997,4,0,5,1,5,1,2,6,2
2049,1959,2,5,71232,653,17,204,26,17,11,10,6,1
2050,1954,4,3,57744,350,3,39,0,19,9,4,6,1
2051,1966,3,3,33585,30,11,46,6,29,2,4,6,1
2052,1965,0,3,46891,43,12,52,15,61,2,4,2,1
2053,1965,0,3,46891,43,12,52,15,61,2,4,6,1
2054,1956,2,3,50387,369,9,99,14,34,6,8,6,2
2055,1969,2,5,76653,736,63,1165,189,126,4,11,6,0
2056,1956,4,5,76542,794,73,573,29,14,4,10,6,0
2057,1949,3,3,76995,1012,80,498,16,176,11,9,7,1
2058,1978,2,3,38415,22,1,17,0,4,1,3,6,2
2059,1956,2,2,22304,3,2,7,4,2,1,2,6,0
2060,1952,2,4,75127,203,35,351,17,227,2,5,2,0
2061,1952,2,4,75127,203,35,351,17,227,2,5,5,0
2062,1953,2,3,39722,32,0,7,0,8,2,3,6,1
2063,1966,4,4,7144,81,4,38,2,291,23,1,6,2
2064,1977,2,5,39771,6,2,20,8,14,2,3,5,1
2065,1972,3,2,42618,76,14,87,5,10,5,4,6,1
2066,1958,4,5,51518,350,8,83,4,4,3,10,2,1
2067,1972,2,3,74716,133,27,434,195,71,7,5,6,1
2068,1975,2,4,33955,100,2,151,7,10,5,5,5,1
2069,1954,3,3,45736,188,3,200,3,43,7,6,2,1
2070,1971,2,4,31632,17,8,23,15,32,2,2,6,0
2071,1974,2,3,60093,502,12,125,6,90,7,10,6,1
2072,1969,2,4,30822,3,9,15,12,12,1,3,6,1
2073,1968,2,5,41728,13,6,18,5,13,2,2,0,1
2074,1958,3,3,80739,674,92,775,0,92,3,9,6,0
2075,1991,2,4,49767,202,47,252,42,149,5,8,7,0
2076,1981,1,3,34445,228,122,330,129,30,11,8,6,0
2077,1951,2,6,67046,544,35,156,151,107,4,4,0,1
2078,1965,2,3,73538,811,76,527,137,107,10,9,1,1
2079,1966,2,3,80398,342,51,1143,35,26,5,12,6,0
2080,1956,3,3,52973,856,0,88,9,199,9,9,5,1
2081,1954,2,3,38998,34,1,14,0,5,2,3,6,2
2082,1954,2,3,38998,34,1,14,0,5,2,3,5,2
2083,1958,0,5,26490,45,47,73,20,25,3,5,5,0
2084,1958,0,5,26490,45,47,73,20,25,3,5,6,0
2085,1988,0,3,23331,5,36,7,10,45,3,3,3,1
2086,1961,2,3,60544,201,2,46,5,35,5,5,0,2
2087,1961,2,3,60544,201,2,46,5,35,5,5,2,2
2088,1971,4,5,49269,639,8,177,8,58,7,12,6,1
2089,1950,2,5,27203,13,2,25,0,24,1,2,6,2
2090,1988,0,5,45204,30,11,54,1,18,1,4,5,1
2091,1978,2,3,67023,444,44,393,8,17,3,13,6,0
2092,1978,2,3,77583,372,23,634,12,108,4,9,5,0
2093,1983,2,3,76630,255,31,486,56,175,3,11,5,0
2094,1960,3,3,47353,184,2,27,8,4,2,6,6,1
2095,1964,2,3,48920,238,17,76,10,6,6,5,6,2
2096,1947,4,3,67472,162,31,135,17,69,4,7,6,1
2097,1964,3,3,64100,509,0,27,0,10,8,6,5,1
2098,1988,2,3,38872,23,3,24,19,22,3,3,3,1
2099,1962,3,4,72217,816,42,505,56,154,3,8,2,0
2100,1987,1,4,15038,4,8,30,12,26,2,2,6,1
2101,1976,2,3,13624,10,2,17,1,6,2,3,6,1
2102,1978,2,5,42554,29,1,11,0,0,2,3,0,2
2103,1986,2,3,71952,656,80,507,107,93,8,8,6,1
2104,1986,2,3,71952,656,80,507,107,93,8,8,0,1
2105,1971,0,3,78041,482,35,625,160,17,4,9,2,0
2106,1964,3,4,63972,928,63,254,12,12,5,10,5,1
2107,1957,2,3,52852,714,8,110,0,47,10,5,2,1
2108,1972,4,3,62010,371,22,45,0,92,6,7,6,1
2109,1960,3,5,83151,407,28,220,74,18,5,4,6,0
2110,1967,2,3,77870,1017,50,565,50,133,5,5,6,1
2111,1977,2,5,46931,41,0,20,1,16,1,3,6,3
2112,1977,2,4,85072,494,92,585,11,241,3,10,5,0
2113,1987,3,3,73395,272,7,100,7,11,4,6,6,0
2114,1952,2,4,62307,87,13,44,6,10,4,4,6,1
2115,1981,4,3,58293,173,43,164,27,15,5,6,7,1
2116,1974,2,5,47889,29,0,29,5,4,2,3,5,1
2117,1979,1,5,24594,1,3,16,0,9,1,3,1,1
2118,1979,1,5,24594,1,3,16,0,9,1,3,5,1
2119,1965,3,4,69882,292,127,767,127,165,3,9,6,0
2120,1959,2,5,24221,8,9,11,5,22,1,3,6,0
2121,1985,2,4,22327,5,4,10,0,5,1,3,6,1
2122,1961,3,3,61923,92,4,21,3,6,2,4,7,2
2123,1965,3,4,35791,27,0,5,0,3,1,3,6,3
2124,1965,3,4,35791,27,0,5,0,3,1,3,7,3
2125,1990,3,4,91172,162,28,818,28,56,4,7,1,0
2126,1967,2,3,35441,25,1,11,1,1,1,3,1,2
2127,1970,2,5,19656,25,4,15,8,32,2,3,6,1
2128,1987,2,3,7500,0,2,7,1,5,0,3,3,0
2129,1979,2,3,71626,546,72,470,145,72,5,8,6,0
2130,1977,2,3,75330,555,82,350,61,61,10,12,7,2
2131,1976,3,3,34529,68,6,41,6,41,2,3,6,1
2132,1992,2,4,48789,351,16,163,5,145,6,7,1,0
2133,1977,4,2,34487,19,18,57,1,8,3,3,6,2
2134,1973,0,3,35688,73,3,102,1,32,4,4,1,3
2135,1973,0,3,35688,73,3,102,1,32,4,4,6,3
2136,1952,2,4,53700,263,5,302,41,83,5,8,5,1
2137,1987,3,4,73454,982,73,407,14,175,2,6,6,0
2138,1957,2,3,71113,495,33,266,33,8,6,9,6,1
2139,1955,2,4,0,264,0,33,6,147,6,5,0,1
2140,1980,3,3,31535,15,4,13,0,19,1,2,6,1
2141,1953,2,5,80812,769,22,710,143,33,4,5,3,0
2142,1982,2,5,40479,5,0,10,0,0,0,3,6,1
2143,1960,2,3,29440,17,8,24,4,3,1,4,2,2
2144,1986,2,3,38508,120,19,231,19,54,7,5,6,1
2145,1983,2,3,69520,627,120,535,80,93,9,5,0,0
2146,1964,2,4,18701,12,4,12,6,10,2,4,5,2
2147,1964,2,4,18701,12,4,12,6,10,2,4,6,2
2148,1969,2,2,69901,312,21,308,92,149,7,10,6,1
2149,1953,2,3,47703,359,0,147,26,123,6,8,6,1
2150,1991,2,4,86037,490,44,154,20,22,6,11,1,0
2151,1978,2,2,71847,737,21,161,63,210,6,9,6,0
2152,1971,0,5,42033,11,1,6,0,7,1,2,6,2
2153,1964,2,2,51983,631,0,125,7,30,9,10,3,1
2154,1988,2,4,68655,456,19,907,118,38,4,11,6,0
2155,1988,2,4,68655,456,19,907,118,38,4,11,5,0
2156,1959,2,5,38285,2,0,7,0,1,0,3,3,3
2157,1970,3,5,79419,751,127,707,15,31,4,4,1,0
2158,1975,2,4,57338,143,6,63,8,17,4,5,7,1
2159,1964,2,3,42523,14,36,14,26,35,1,4,2,0
2160,1964,2,3,42523,14,36,14,26,35,1,4,1,0
2161,1984,2,3,31761,19,1,36,14,28,3,4,0,1
2162,1969,2,3,65747,346,17,71,13,13,8,6,1,1
2163,1960,3,5,17144,18,2,19,2,6,3,4,1,2
2164,1960,3,5,17144,18,2,19,2,6,3,4,5,2
2165,1951,2,4,0,48,5,54,10,7,2,4,0,3
2166,1965,4,3,84618,684,100,822,66,0,6,10,0,0
2167,1965,4,3,84618,684,100,822,66,0,6,10,6,0
2168,1948,4,5,66375,712,0,45,0,191,2,5,0,1
2169,1957,2,5,42213,309,3,28,3,20,5,7,6,1
2170,1963,2,3,0,231,65,234,71,124,6,7,1,1
2171,1940,4,4,51141,144,0,7,0,6,3,4,6,0
2172,1980,2,3,15072,8,2,15,10,18,3,3,3,2
2173,1986,0,3,7500,1,11,9,6,9,2,3,6,1
2174,1978,0,5,17117,12,23,68,18,7,3,3,5,1
2175,1965,2,3,59754,115,27,48,146,139,5,6,5,1
2176,1953,3,3,65569,397,46,308,38,70,6,10,6,1
2177,1952,0,6,28457,24,1,137,29,14,4,4,6,0
2178,1972,4,4,86857,899,102,971,102,40,5,10,7,0
2179,1972,4,4,86857,899,102,971,102,40,5,10,5,0
2180,1964,2,5,68142,897,126,287,112,37,10,7,6,1
2181,1953,2,5,48794,25,0,14,0,15,1,3,7,2
2182,1964,2,5,63404,734,26,81,44,17,6,4,6,2
2183,1974,0,5,49669,166,5,118,8,29,5,6,6,1
2184,1964,2,5,55761,136,1,12,3,32,4,3,6,1
2185,1958,2,2,78331,756,138,514,169,61,10,7,5,1
2186,1973,2,3,37971,5,4,12,2,7,1,3,7,1
2187,1977,2,3,30368,35,0,15,0,2,2,3,6,1
2188,1978,4,5,34043,20,2,17,0,10,2,2,6,1
2189,1965,4,6,54111,267,6,62,3,50,5,6,6,1
2190,1964,2,2,69932,412,172,303,105,57,7,11,6,1
2191,1981,4,5,39665,127,1,56,1,31,4,3,6,1
2192,1954,2,3,93404,1279,15,307,0,15,3,7,1,3
2193,1984,2,3,38680,11,0,51,5,12,2,3,7,1
2194,1984,2,3,24570,28,34,73,14,44,4,4,6,1
2195,1967,4,3,77766,1004,59,380,59,27,11,11,6,1
2197,1958,2,5,64961,382,114,351,124,38,6,4,5,1
2198,1968,3,2,23748,6,6,41,15,8,2,3,6,1
2199,1964,2,4,45989,138,33,115,24,12,3,7,5,1
2200,1988,0,4,23331,104,20,125,15,5,5,5,3,1
2201,1954,4,3,70421,479,28,211,14,35,10,7,1,1
2202,1963,4,4,23091,35,0,11,0,2,2,3,6,2
2203,1990,0,3,24683,8,4,16,7,6,2,4,6,1
2204,1973,4,3,157243,20,2,1583,2,1,0,0,3,1
2205,1973,4,3,54222,199,12,34,12,7,3,5,6,1
2206,1968,2,6,73455,901,61,943,163,20,6,10,5,0
2207,1972,2,5,84906,997,15,513,30,76,5,12,6,0
2208,1972,2,5,84906,997,15,513,30,76,5,12,2,0
2209,1978,0,3,47025,508,11,82,5,29,11,6,6,1
2210,1966,2,3,44529,538,13,108,6,26,6,11,6,1
2211,1974,4,4,31560,62,1,24,0,7,2,3,1,1
2212,1983,4,2,90687,982,17,695,34,51,6,8,6,0
2213,1989,4,5,66973,466,22,579,113,102,8,12,3,0
2214,1978,2,5,41154,44,2,13,3,7,1,4,6,1
2215,1968,2,3,64590,920,138,204,46,30,9,10,6,0
2216,1960,4,2,50611,459,0,30,0,4,4,7,7,1
2218,1970,2,4,83273,433,89,666,102,102,4,9,7,3
2219,1980,2,2,81702,563,50,802,31,187,7,12,1,0
2220,1979,3,5,24401,73,28,227,24,115,6,6,5,0
2221,1974,2,3,42557,192,5,53,5,15,6,4,6,1
2222,1985,0,5,7500,5,17,30,14,34,2,3,6,1
2223,1976,2,5,78416,453,38,467,38,183,7,10,6,1
2224,1966,2,3,44794,54,0,7,0,4,2,3,5,1
2225,1966,2,3,44794,54,0,7,0,4,2,3,0,1
2226,1974,2,4,69719,273,86,385,14,43,2,5,6,0
2227,1962,2,5,62568,362,17,478,35,61,5,5,6,1
2228,1969,2,3,42231,24,0,8,1,4,1,3,6,2
2229,1974,0,3,20130,0,6,10,6,12,1,3,6,0
2231,1973,2,6,42429,55,0,8,0,4,1,3,0,1
2232,1973,2,6,42429,55,0,8,0,4,1,3,6,1
2233,1900,0,2,36640,15,6,15,4,25,2,2,3,1
2234,1973,2,2,78901,321,11,342,26,34,9,5,7,1
2235,1976,4,2,66476,372,18,173,48,78,5,11,7,1
2236,1977,0,3,31056,5,10,16,8,16,1,3,6,1
2237,1976,2,2,46310,185,2,103,5,14,6,5,6,1
2238,1978,2,3,65819,267,38,850,165,63,5,10,3,0
2239,1969,4,3,94871,169,24,741,0,144,8,4,1,2
